MULTI_SEL_DESC;Нажмите §GSHIFT+LMB§! Чтобы выбрать несколько отрядов из уже выбранных.;;§GSHIFT+LMT§!, um mehrere Einheiten in der momentanen Auswahl auszuwдhlen.;;;;;;;;x;;;;
SM_DETAILS;Детали;;Details;;;;;;;;x;;;;
DISBAND_ALL;Распустить выбранные войска;;Alle ausgewдhlten Einheiten auflцsen;;;;;;;;x;;;;
DISBAND_ALL_TITLE;Распустить все войска;;Alle Einheiten auflцsen;;;;;;;;x;;;;
DISBAND_ALL_DESC;Вы уверены, что хотите §Rраспустить§! все §Y$NUM$§! армий?;;Seid Ihr sicher, dass Ihr §Y$NUM$§! Einheiten §RAUFLЦSEN§! wollt?;;;;;;;;x;;;;
DATE_DIFF_A;$Y$ лет, $M$ месяцев и $D$ дней;;$Y$ Jahre, $M$ Monat) und $D$ Tage;;;;;;;;x;;;;
DATE_DIFF_B;$M$ месяцев и $D$ дней;;$M$ Monate und $D$ Tage;;;;;;;;x;;;;
DATE_DIFF_C;$D$ дней;;$D$ Tage;;;;;;;;x;;;;
torpedo_attacks;Торпедные атаки;;Torpedo-Angriffe;;;;;;;;x;;;;
TORPEDO_ATTACK;Торпедная атака;;Torpedo-Angriff;;;;;;;;x;;;;
TORPEDO_ATTACK_DESC;Торпедные атаки наносят огромный урон крупным кораблям.;;Torpedo-Angriffe richten gegen grцЯere Schiffe mehr Schaden an.;;;;;;;;x;;;;
NAVAL_COMBAT_STACK_PENALTY_DESC;§Yштраф к координации §R$PEN$%§Y вызван плохой слаженностью во флоте.  Это усложнит нашим кораблям поиск целей. Произошло это из-за численного превосходства наших судов над потенциальными целями.§!;;§YKoordinations-Malus §R$PEN$%§Y, der durch mangelhafte Kommunikation in der Flotte verursacht wird, wodurch es fьr unsere Schiffe schwieriger ist, Ziele zu finden. Wird durch die Schiffsanzahl und mцgliche Ziele beeinflusst.§!;;;;;;;;x;;;;
BP_TAB_CURRENT;Текущие планы;;Aktuelle Plдne;;;;;;;;;;x;;
BP_TAB_HISTORICAL;Исторические планы;;Historische Plдne;;;;;;;;;;x;;
BP_TOOL_COLOR_RED;Красный;;Rot;;;;;;;;;;x;;
BP_TOOL_COLOR_GREEN;Зеленый;;Grьn;;;;;;;;;;x;;
BP_TOOL_COLOR_BLUE;Синий;;Blau;;;;;;;;;;x;;
BP_TOOL_COLOR_YELLOW;Желтый;;Gelb;;;;;;;;;;x;;
BP_TOOL_ARROW_SLIM;Тонкая стрелка;;Dьnner Pfeil;;;;;;;;;;x;;
BP_TOOL_ARROW_MEDIUM_1;Средняя стрелка 1;;MittelgroЯer Pfeil 1;;;;;;;;;;x;;
BP_TOOL_ARROW_MEDIUM_2;Средняя стрелка 2;;MittelgroЯer Pfeil 2;;;;;;;;;;x;;
BP_TOOL_ARROW_MEDIUM_3;Средняя стрелка 3;;MittelgroЯer Pfeil 3;;;;;;;;;;x;;
BP_TOOL_ARROW_THICK;Толстая стрелка;;Dicker Pfeil;;;;;;;;;;x;;
BP_TOOL_BORDER_1;Тип границы 1;;Grenztyp 1;;;;;;;;;;x;;
BP_TOOL_BORDER_2;Тип границы 2;;Grenztyp 2;;;;;;;;;;x;;
BP_TOOL_BORDER_3;Тип границы 3;;Grenztyp 3;;;;;;;;;;x;;
BP_TOOL_BORDER_4;Тип границы 4;;Grenztyp 4;;;;;;;;;;x;;
BP_TOOL_BORDER_5;Тип границы 5;;Grenztyp 5;;;;;;;;;;x;;
BP_TOOL_ICON_AIRPLANE;Инонка самолета;;Flugzeug-Symbol;;;;;;;;;;x;;
BP_TOOL_ICON_TANK;Иконка танка;;Panzer-Symbol;;;;;;;;;;x;;
BP_TOOL_ICON_BOMB_1;Маленькая иконка бомбы;;Kleine Bombe-Symbol;;;;;;;;;;x;;
BP_TOOL_ICON_BOMB_2;Большая иконка бомбы;;GroЯe Bombe-Symbol;;;;;;;;;;x;;
BP_SAVE_PLAN_CONFIRM;Сохранить план;;Plan speichern;;;;;;;;;;x;;
BP_SAVE_PLAN_CANCEL;Закрыть;;Abbrechen;;;;;;;;;;x;;
BP_SAVE_PLAN_PROMPT;План сражения уже существует!\nХотите изменить его?;;Kriegsplan existiert bereits!\nMцchtest Ihr diesen ьberschreiben?;;;;;;;;;;x;;
BP_DELETE_SAVED_PLAN_PROMPT;Вы уверены, что хотите удалить сохраненный план сражения?;;Seid Ihr sicher, dass Ihr den gespeicherten Kriegsplan lцschen mцchtet?;;;;;;;;;;x;;
BP_DELETE_CURRENT_PLAN_PROMPT;Вы уверены, что хотите удалить этот план сражения?;;Seid Ihr sicher, dass Ihr den aktuellen Kriegsplan lцschen mцchtet?;;;;;;;;;;x;;
BP_SHARED_WITH;Поделиться:;;Geteilt mit:;;;;;;;;;;x;;
BP_NEW_PLAN;Новый план;;Neuer Plan;;;;;;;;;;x;;
BP_TOOLTIP_TAB_CURRENT;Список планов сражений.;;Liste der aktuellen Kriegsplдne.;;;;;;;;;;x;;
BP_TOOLTIP_TAB_HISTORICAL;Список планов исторических сражений.\nНажмите §YImport§! Чтобы добавить выбранное в ваш план.;;Liste der historischen Kriegsplдne.\nKlickt auf §Yimportieren§!, um den ausgewдhlten Plan zu den Aktuellen hinzuzufьgen.;;;;;;;;;;x;;
BP_TOOLTIP_TAB_SAVED;Список ваших сохраненных планов сражений.\nНажмите §YImport§! Чтобы добавить выбранное в ваш план.;;Liste deiner gespeicherten Kriegsplдne.\nKlickt auf §Yimportieren§!, um den ausgewдhlten Plan zu den Aktuellen hinzuzufьgen.;;;;;;;;;;x;;
BP_TOOLTIP_NEW_PLAN;Создать новый план.;;Neuen Plan entwerfen.;;;;;;;;;;x;;
BP_TOOLTIP_REMOVE_PLAN;Удалить выбранный план.;;Momentan ausgewдhlten Plan lцschen.;;;;;;;;;;x;;
BP_TOOLTIP_SHARE_PLAN;Переключить §Ysharing§! выбранный план с вашими §Gally members§!.;;Schaltet §YTeilen§! des momentan ausgewдhlten Plans mit Eurem §GAllianz-Mitgliedern§! ein/aus.;;;;;;;;;;x;;
BP_TOOLTIP_SAVE_PLAN;Сохранить выбранный план в файл.;;Momentan ausgewдhlten Plan in Datei speichern.;;;;;;;;;;x;;
BP_TOOLTIP_RENAME_PLAN;Переименовать выбранный план.;;Momentan ausgewдhlten Plan umbenennen.;;;;;;;;;;x;;
BP_TOOLTIP_IMPORT_PLAN;Добавить выбранный план в текущие.;;Ausgewдhlten Plan zu deinen aktuellen Plдnen hinzufьgen.;;;;;;;;;;x;;
BP_TOOLTIP_TOOL_SELECT;Нажмите на объект, чтобы выбрать его.;;Auf Objekt klicken, um es auszuwдhlen.;;;;;;;;;;x;;
BP_TOOLTIP_TOOL_ARROW;Выберите тип стрелки и нарисуйте её на карте с помощью §YLMB§!.\nУдерживайте кнопки §YShift§! + §YLMB§! Чтобы связать эту стрелку с другой стрелкой.;;Wдhlt einen Pfeiltyp aus und zeichnet ihn mithilfe der §YLMT§! auf die Landkarte.\nHaltet §YShift§! + §YLMT§! gedrьckt, um Euren Pfeil an einem anderen anzudocken.;;;;;;;;;;x;;
BP_TOOLTIP_TOOL_BORDER;Выберите тип гранницы и нарисуйте его на карте с помощью §YLMB§!.;;Wдhlt einen Grenztyp aus und zeichne ihn mithilfe der §YLMT§! auf die Landkarte.;;;;;;;;;;x;;
BP_TOOLTIP_TOOL_ICON;Выберите тип иконки и нарисуйте её на карте с помощью §YLMB§!.\nУдерживайте кнопки §YShift§! + §YMouse Wheel§! Для поворота иконки.;;Wдhlt einen Symboltyp aus und zeichnt ihn mithilfe der §YLMT§! auf die Landkarte.\nHaltet §YShift§! + §YMausrad§! gedrьckt, um das Symbol zu drehen.;;;;;;;;;;x;;
BP_TOOLTIP_TOOL_COLOR;Выберите цвет для рисования стрелок и значков.\n Это относится и к цвету выбранных стрелок и значков.;;Wдhle die aktuelle Farbe aus, um Pfeile und Symbole zu zeichnen.\nDiese Farbe wird auch fьr jeden momentan ausgewдhlten Pfeil oder jedes ausgewдhlte Symbol verwendet.;;;;;;;;;;x;;
BP_TOOLTIP_TOOL_TEXT;Поместите надпись на карту.\n если ничего не выбрано - создайте новую надпись.\n если стрелки выбраны - делает надпись на стрелке.\n Если выбран значок - редактирует текст.\n§YShift§! + §YMouse Wheel§! чтобы повернуть текст.\n§YCtrl§! + §YMouse Wheel§! чтобы масштабировать текст.;;Setzt ein Textzeichen auf die Landkarte.\nWenn nichts ausgewдhlt wird –  Ein neuer Text wird erstellt.\nWenn ein Pfeil ausgewдhlt wird – Der Text wir auf den Pfeil gezeichnet.\nWenn das Textzeichen ausgewдhlt wird – der Text wird bearbeitet.\n§YShift§! + §YMausrad§!, um den Text zu drehen.\n§YStrg§! + §YMausrad§!, um den Text zu skalieren.;;;;;;;;;;x;;
BP_TOOLTIP_TOOL_ERASE;Удалить выбранный объект.;;Ausgewдhltes Objekt lцschen.;;;;;;;;;;x;;
BP_TOOLTIP_VISIBILITY;Отобразить план на карте.;;Plansichtbarkeit auf der Landkarte ein-/ausschalten.;;;;;;;;;;x;;
MILITARY_SPENDINGS_LAND;Расходы на §Yсухопутные§! войска:;;Ausgaben fьr §YLand§!-Einheiten:;;;;;;;;x;;;;
MILITARY_SPENDINGS_NAVAL;Расходы на §Yморской§! флот:;;Ausgaben fьr §YMarine§!-Einheiten:;;;;;;;;x;;;;
MILITARY_SPENDINGS_PROJECTS;Расходы на §Yстроительство и промышленность§!:;;Ausgaben fьr §YBauvorhaben§!:;;;;;;;;x;;;;
STOCKPILE_COST_ESTIMATED;Завтра мы потратим §Yestimate§! на государственные запасы:;;Wir §Yschдtzen§!, dass die morgigen Vorrats-Einkдufe folgendes kosten werden:;;;;;;;;x;;;;
STOCKPILE_COST_ACTUAL;Сегодня мы потратили §Yactually§! На государственные запасы:;;Heute betrugen die §Ytatsдchlichen§! Ausgaben fьr Vorrдte:;;;;;;;;x;;;;
NAVAL_COMBAT_DETAILS_APPROACH;Приближение §Y$WHO$§!. Текущее расстояние: §Y$DIST$§!.;;Nдhert sich §Y$WHO$§!. Derzeitige Entfernung: §Y$DIST$§!.;;;;;;;;x;;;;
NAVAL_COMBAT_DETAILS_DESTROYED;§RDestroyed§! Уничтожен отрядом §Y$WHO$§!;;§RZerstцrt§! von §Y$WHO$§!;;;;;;;;x;;;;
NAVAL_COMBAT_DETAILS_DISENGAGED;Отряд смог отступить и выйти из битвы;;Diese Einheit konnte sich zurьckziehen und ist nicht lдnger in den Kampf verwickelt.;;;;;;;;x;;;;
NAVAL_COMBAT_DETAILS_RETREAT;Отряд отступает.;;Diese Einheit befindet sich auf dem Rьckzug.;;;;;;;;x;;;;
NAVAL_COMBAT_DETAILS_SEEKING;Поиск новой цели;;Suche nach dem besten Ziel.;;;;;;;;x;;;;
NAVAL_COMBAT_DETAILS_SHOOTING;Огонь по §Y$WHO$§!.\n- урон организации §G$ORG$§!\n- урон силе §Y$STR$§!;;Feuert auf §Y$WHO$§!.\n- Schaden an der Organisation §G$ORG$§!\n- Schaden auf Stдrke §Y$STR$§!;;;;;;;;x;;;;
NAVAL_COMBAT_DETAILS_FILTERING;Нажмите на §GLMB§! Чтобы увидеть все корабли, нацеленные на этот.;;Klickt mit §GLMT§!, um alle Schiffe zu sehen, die auf dieses Schiff zielen.;;;;;;;;x;;;;
MAPMODE_NAVAL_TOOLTIP_LEVEL;Уровень морской базы §G$LVL$§!;;Marinestьtzpunkt-Stufe §G$LVL$§!;;;;;;;;x;;;;
MAPMODE_NAVAL_TOOLTIP_NO_BASE;Нет морской базы в регионе.;;In diesem Staat befindet sich kein Marinestьtzpunkt.;;;;;;;;x;;;;
MAPMODE_NAVAL_TOOLTIP_CAP;§YМорской лимит снабжения§! этой провинция составляет §G$CAP$§! от общего §G$TOT$§!.;;Der §YMarine-Versorgungsdurchsatz§! dieser Provinz betrдgt §G$CAP$§! von insgesamt §G$TOT$§!.;;;;;;;;x;;;;
MAPMODE_NAVAL_TOOLTIP_IN_OTHER;В регионе уже есть морская база, в провинции §Y$PROV$§!.;;In diesem Staat gibt es bereits einen Marinestьtzpunkt in §Y$PROV$§!. ;;;;;;;;x;;;;
MAPMODE_NAVAL_TOOLTIP_UNDER_CON;Морская база уже строится в этом регионе;;Hier befindet sich bereits ein Marinestьtzpunkt im Bau.;;;;;;;;x;;;;
NAVAL_SUPPLY_PENALTY_DESC;Потери от превышения §Yморского лимита снабжения§! в размере §R$PEN$%§!.;;Beeinflusst durch den §YMarine-Versorgungsdurchsatz§!-Malus von §R$PEN$%§!.;;;;;;;;x;;;;
COMBAT_LEADER_MOD_ATTACK;Навык атаки;;Anfьhrer-Angriff;;;;;;;;x;;;;
COMBAT_LEADER_MOD_DEFENSE;Навык защиты;;Anfьhrer-Verteidigung;;;;;;;;x;;;;
OCCUPATION_SCORE_ATTACKER;Оккупация атакующего: ;;Besatzung des Angreifers:;;;;;;;;x;;;;
OCCUPATION_SCORE_DEFENDER;Оккупация защищающегося: ;;Besatzung des Verteidigers:;;;;;;;;x;;;;
BLOCKADE_SCORE_ATTACKER;Блокады атакующего: ;;Blockaden des Angreifers:;;;;;;;;x;;;;
BLOCKADE_SCORE_DEFENDER;Блокады защищающегося: ;;Blockaden des Verteidigers:;;;;;;;;x;;;;
TICKING_WARSCORE_HEAD;§YScore over time§! бонус §Y$VAL$§!:;;§YWertung ьber Zeit§!-Bonus §Y$VAL$§!:;;;;;;;;x;;;;
TICKING_WARSCORE_DESC_SCORE;В настоящее время $VAL$ (ежедневно $CHANGE$).;;Derzeit $VAL$ (tдgliche Дnderung $CHANGE$).;;;;;;;;x;;;;
TICKING_WARSCORE_DESC_SCORE_MAX;В настоящее время $VAL$ (Max).;;Derzeit $VAL$ (Max).;;;;;;;;x;;;;
TICKING_WARSCORE_DESC_SCORE_SHORT;$VAL$ (ежедневно $CHANGE$).;;$VAL$ (tдglich $CHANGE$).;;;;;;;;x;;;;
TICKING_WARSCORE_DESC_SCORE_MAX_SHORT;$VAL$ (Max).;;$VAL$ (Max).;;;;;;;;x;;;;
CB_DESTROY_FORTS;Уничтожить крепости;;Zerstцrt Festungen;;;;;;;;x;;;;
CB_DESTROY_NAVAL_BASES;Уничтожить морские базы;;Zerstцrt Marinestьtzpunkte;;;;;;;;x;;;;
po_destroy_forts;Уничтожить все крепости в регионе $STATE$.;;Zerstцrt alle Forts in $STATE$.;;;;;;;;x;;;;
po_destroy_naval_bases;Уничтожить морскую базу в регионе $STATE$.;;Zersцrt den Marinestьtzpunkt in $STATE$ .;;;;;;;;x;;;;
ALL_CORE_PROVINCES;все регионы с национальными провинциями;;alle Kernprovinzen;;;;;;;;x;;;;
ALL_SATES;все регионы ;;alle Staaten;;;;;;;;x;;;;
dismantle_forts_desc;Демонтаж крепостей и морских баз.;;ReiЯt Forts und Marinestьtzpunkte ab.;;;;;;;;x;;;;
dismantle_forts;Демонтаж крепостей.;;ReiЯt Forts ab;;;;;;;;x;;;;
dismantle_forts_short;Демонтаж построек в регионе $STATE$;;ReiЯt Bauten in $STATE$ ab;;;;;;;;x;;;;
dismantle_forts_setup;Демонтаж крепостей и морских баз в регионе $STATE$;;ReiЯt Forts und Marinestьtzpunkte in $STATE$ ab;;;;;;;;x;;;;
liberate_country_desc;Освободить §Yentire country§W от угнетателей;;Befreit ein §Yganzes Land§W von seinen Unterdrьckern;;;;;;;;x;;;;
liberate_country;Освободить страну;;Befreit das Land;;;;;;;;x;;;;
liberate_country_short;Держава $THIRD$ получит регион $STATE$;$THIRD$ prend $STATE$;$THIRD$ erwirbt $STATE$;;$THIRD$ adquiere $STATE$;;;;;;x;;;;
liberate_country_setup;Вернуть регион $STATE$ державе $THIRD$ от державы $RECIPIENT$;Prendre $STATE$ а $RECIPIENT$ pour le rendre а $THIRD$;Gebt $STATE$ an $THIRD$ von $RECIPIENT$ zurьck;;Arrebatar el estado de $STATE$ de manos de $RECIPIENT$ y devolvйrselo a $THIRD$;;;;;;x;;;;
FIRE_RANGE;Дальнобойность;;Schussreichweite;;;;;;;;x;;;;
EVASION;Уклонение;;Ausweichen;;;;;;;;x;;;;
SORT_BY;Сортировать по:;;Sortieren nach:;;;;;;;;x;;;;
STANCE;Позиция;;Haltung;;;;;;;;x;;;;
STR_ORG;Уд/Орг;;Stдrke/Org.;;;;;;;;x;;;;
SORT_BY_TYPE_DESC;Сортировать корабли по их §Ytype§!.;;Schiffe nach §YTyp§! sortieren.;;;;;;;;x;;;;
SORT_BY_STANCE_DESC;Сортировать корабли по их §Ycurrent action§!.;;Schiffe nach ihrer §Yaktuellen Aktivitдt§! sortieren.;;;;;;;;x;;;;
SORT_BY_STR_ORG_DESC;Сортировать корабли по их §Yaverage of Strength and Organisation§!.;;Schiffe nach ihrer §Ydurchschnittlichen Stдrke und Organisation§! sortieren.;;;;;;;;x;;;;
TARGETED_BY;На прицеле у:;;Im Visier von:;;;;;;;;x;;;;
MAY_NOT_RETREAT_NAVAL;Это невозможно и было бы позором - сбежать, не оценив шансы на победу.;;Es ist nicht mцglich, und auch nicht sonderlich ehrenvoll, den Rьckzug von einem Gefecht anzutreten, bevor wir nicht eine vollstдndige Ьbersicht ьber unsere Chancen haben.;;;;;;;;x;;;;
REMAINING_NAVAL_RETREAT;Прежде чем мы сможем отступить, нам нужно быть ближе к §Y$OPT$§! чтобы выяснить наши шансы на отступление.;;Bevor wir einen freiwilligen Rьckzug antreten kцnnen, mьssen wir noch nдher an §Y$OPT$§!, um unsere Chancen besser einschдtzen zu kцnnen.;;;;;;;;x;;;;
NAVAL_COMBAT_STATUS_APPROACH;Идет на сближение;;Herannahend;;;;;;;;x;;;;
NAVAL_COMBAT_STATUS_SEEKING;Ищет цель;;Auf Zielsuche;;;;;;;;x;;;;
NAVAL_COMBAT_STATUS_FIRING;Урон §G$ORG$§!/§R$STR$§!;;Schaden §G$ORG$§!/§R$STR$§!;;;;;;;;x;;;;
NAVAL_COMBAT_STATUS_RETREAT;Отступает;;Auf dem Rьckzug;;;;;;;;x;;;;
NAVAL_COMBAT_STATUS_DISENGAGED;Свободен;;Zurьckgezogen;;;;;;;;x;;;;
SUPPLY_LOAD;Вес припасов;;Vorratsgewicht;;;;;;;;x;;;;
SUPPLY_LOAD_STATUS_DESC_BASIC;Общий §Yуровень снабжения§! всех наших §Yморских баз§!  — $TOT$.\nВсем нашим кораблям требуется в общем $REQ$.;;Der gesamte §YVersorgungsdurchsatz§! all unserer §YMarinehдfen§! betrдgt $TOT$.\nAll unsere Schiffe benцtigen insgesamt $REQ$.;;;;;;;;x;;;;
SUPPLY_LOAD_STATUS_DESC_PENALTY;Наши корабли получают $PEN$ штраф от снабжения.;;Unsere Schiffe erleiden $PEN$ Malus fьr ihre Versorgung.;;;;;;;;x;;;;
SUPPLY_LOAD_STATUS_DESC_HINT;Подумайте о создании военно-морских баз, или уничтожьте некоторые из своих кораблей.;;Ьberlegt, einige Marinestьtzpunkte zu bauen, oder entlasst einige Schiffe.;;;;;;;;x;;;;
SUPPLY_LOAD_STATUS_DESC_UPCOMING_PENALTY;Заложены новые корабли, постройка которых превысит лимит снабжения $EXC$.;;Neue Schiffe befinden sich im Bau, dies wird das Versorgungslimit um $EXC$ ьberschreiten.;;;;;;;;x;;;;
SUPPLY_LOAD_STATUS_DESC_DETAILED_LIST;Настоящий доклад показывает требуемый уровень снабжения:;;Der folgende Bericht zeigt den Versorgungsdurchsatz-Bedarf:;;;;;;;;x;;;;
SHIP_BUILD_MIN_BASE_LEVEL;Требуется морской порт с уровнем §Y$LVL$§! или выше.;;Benцtigt einen Hafen der Stufe §Y$LVL$§! oder hцher.;;;;;;;;x;;;;
SHIP_BUILD_LIMIT_PER_BASE;Ограничение до §Y$LIM$§! единиц на каждый порт, который снабжает этот корабль.;;Begrenzt auf §Y$LIM$§! Einheiten pro Hafen, der dieses Schiff versorgt.;;;;;;;;x;;;;
SHIP_BUILD_LIMIT_PER_BASE_HINT;§RПодумайте о постройке большего числа морских баз с уровнем не меньше §G$LVL$§R.§!;;§RЬberlegt, weitere Marinestьtzpunkte mit einer Stufe von mindestens §G$LVL$zu bauen§R.§!;;;;;;;;x;;;;
SHIP_BUILD_LIMIT_MAX;§Y(Лимит: $LIM$)§!;;§Y(Лимит: $LIM$)§!;;;;;;;;x;;;;
BUILDING_ONE_PER_STATE;Только один в регионе;;Nur eins pro Staat;;;;;;;;x;;;;
DIPLOMACY_CRISIS_INFO;Кризисы;;Konflikte;;;;;;;;x;;;;
CRISIS_CANT_DECLARE_WAR;Вы не можете объявить войну, и вам не могут объявить войну, если вы вовлечены в кризис.;;Ihr kцnnt keinen Krieg erklдren oder eine Kriegserklдrung erhalten, wenn Ihr Euch in einem Konflikt befindet.;;;;;;;;x;;;;
HAS_FLASHPOINT;Есть горячая точка;;Hat einen Unruheherd;;;;;;;;x;;;;
HAS_NO_FLASHPOINT;Нет горячей точки;;Hat keinen Unruheherd;;;;;;;;x;;;;
TENSION_LESS_THAN;Напряженность в горячей точке ниже, чем ;;Niedriger Unruhe-Spannungen als;;;;;;;;x;;;;
TENSION_MORE_THAN;Напряженность в горячей точке выше, чем ;;Hцhere Unruhe-Spannungen als;;;;;;;;x;;;;
CRISIS_TEMPERATURE_LESS_THAN;Накал кризиса ниже, чем ;;Niedrigere Konflikttemperatur als;;;;;;;;x;;;;
CRISIS_TEMPERATURE_MORE_THAN;Накал кризиса выше, чем ;;Hцhere Konflikttemperatur als;;;;;;;;x;;;;
FLASHPOINT_TENSION_EFFECT;$DIRECTION$ $VALUE$ Напряженность в горячей точке.\n;;$DIRECTION$ $VALUE$ Unruhe-Spannung.\n;;;;;;;;x;;;;
diplomatic_focus;Дипломатия;;Diplomatie;;;;;;;;x;;;;
increase_tension;Рост напряженности ;;Spannung erhцhen;;;;;;;;x;;;;
increase_tension_focus_desc;Рост напряженности в горячей точке около §Y$VAL$§W% каждый месяц.;;Erhцht die Unruhe-Spannungen um etwa §Y$VAL$§W% pro Monat.;;;;;;;;x;;;;
NOT_A_FLASHPOINT;§RНе горячая точка§!;;§RKein Unruheherd§!;;;;;;;;x;;;;
MAPMODE_21;Очаги напряженности;;Konflikte;;;;;;;;x;;;;
MAPMODE_22;Военно-морск.;;Marine;;;;;;;;x;;;;
FLASHPOINT_TENSION;Напряженность в регионе: §Y$VALUE$§!%;;Unruhe-Spannungen: §Y$VALUE$§!%;;;;;;;;x;;;;
EXECUTING_HISTORY;Executing History...;;Abrufen der Geschichte;;;;;;;;x;;;;
CRISIS_TEMPERATURE;Накал кризиса: §R$VALUE$%§!;;Konflikttemperatur: §R$VALUE$%§!;;;;;;;;x;;;;
HAS_CRISIS;Текущие кризисы;;Es gibt momentan einen Konflikt;;;;;;;;x;;;;
HAS_NO_CRISIS;Кризисов нет;;Es gibt momentan keinen Konflikt;;;;;;;;x;;;;
CRISIS_TEMPERATURE_EFFECT;$DIRECTION$ $VALUE$ накал кризиса.\n;;$DIRECTION$ $VALUE$ Konflikttemperatur.\n;;;;;;;;x;;;;
TRIGGER_STATE;Кризисный регион;;Konflikt-Zustand;;;;;;;;x;;;;
BACKERS_LABEL;Сторонники:;;Unterstьtzer:;;;;;;;;x;;;;
SUPPORT_SIDE;Поддержать сторону;;Seite unterstьtzen;;;;;;;;x;;;;
ON_THE_FENCE_LABEL;Не определились:;;Noch unentschlossen:;;;;;;;;x;;;;
vacuum_tube;Электронная лампа;;Vakuumrцhre;;;;;;;;;;x,,,;;
vacuum_tube_desc;Электронная лампа (так же известна, как радиолампа) - устройство, работающее за счет протекания электрического тока в вакууме. В результате термоэлектронной эмиссии (Эффект Эдисона) электроны покидают поверхность негативно заряженного катода и движутся сквозь вакуум к позитивно заряженному электроду (аноду). Дополнительные электроды между катодом и анодом добавили позже, открыв возможность усиления и переключения сигналов. Электронные лампы имели важное значение для производства и коммерциализации радио, телефонов, телевизоров, радаров, и ранних компьютеров;;Die Vakuumrцhre (auch Elektronenrцhre genannt) ist ein Gerдt, das den Stromfluss durch ein Vakuum ausnutzt. Elektronen reisen in einer Vakuumrцhre aufgrund von Glьhemission  (dem Edison-Effekt) von einem heiЯen Glьhfaden (der negativen Kathode) durch ein Vakuum zu einer positiven Elektrode (der Anode). Zusдtzliche Elektroden wurden spдter zwischen der Anode und Kathode hinzugefьgt und erlaubten die Verstдrkung und den Wechsel von Signalen. Vakuumrцhren waren ein wesentlicher Bestandteil fьr die Produktion und Kommerzialisierung von Radios, Telefonen, Fernsehern, Radar und den ersten Computern.;;;;;;;;;;x,,,;;
tulls_seed_drill;Сеялка Талла;;Tulls Sдmaschine;;;;;;;;;;x,,,,,,,;;
tulls_seed_drill_desc;До сего времени, фермеры сажали семена вручную, складывая их в сумку и ходя по полю, раскидывая их. Они разбрасывали их руками во вспаханную и боронованную землю. Проблема этого метода в том, что он не давал равномерного распределения семян. Это было нерациональным использованием семян и, следовательно, значительная их часть расходовалась впустую. Джетро Талл изобрел сеялку, которую можно было запрягать лошадью. Она состояла из колесного транспортного средства, содержащего ящик, наполненный зерном. Там была управляемая колесом трещотка, которая распыляла семена равномерно по всему пути следования сеялки.;;Vor dieser Epoche pflanzten Bauern die Saat fьr Getreide, indem sie diese in einem Beutel ьber das Feld trugen und ausstreuten oder verteilten. Sie taten dies von Hand auf dem gepflьgten und geeggten Feldboden. Das Problem bestand in der ungleichmдЯigen Verteilung des Saatguts. Es war daher keine effiziente Verwendung des Saatguts, sondern vielmehr eine Verschwendung. Jethro Tull erfand eine Sдmaschine, die von einem Pferd gezogen werden konnte. Es war ein Vehikel auf Rдdern mit einer Kiste voll Getreide darin. Eine radbetriebene Schraube verteilte das Saatgut gleichmдЯig, wenn das Gefдhrt ьber das Feld gezogen wurde.;;;;;;;;;;x,,,,;;
rotherham_plough;Ротерхэмский плуг;;Rotherham-Pflug;;;;;;;;;;x,,,,,,,;;
rotherham_plough_desc;Ротерхэмский или Йоркширский плуг изобретен Диснеем Станифортом и Джозефом Фолджамбом.  Он был улучшением традиционного плуга. Он был собран из дерева, как обычный плуг, но арматура и сошник (режущее лезвие) были сделаны из железа. Отвал и лемех также были покрыты железными пластинами. Он был легче, чем традиционный плуг и с ним можно было легко работать парой лошадей.;;Der Rotherham oder Yorkshire Pflug wurde von Disney Stanyforth und Joseph Foljambe als Weiterentwicklung des traditionellen Pflugs erfunden. Er bestand aus Holz wie der Standard-Pflug, doch die Beschlдge und das Pflugmesser waren aus Eisen und  das Streichblech und die Pflugschar waren mit Eisen verkleidet. Dieser Pflug war leichter als der traditionelle Pflug und konnte leicht von zwei Pferden gezogen werden.;;;;;;;;;;x,,,,,,,;;
telephone_switchboard;Автоматическая телефонная станция;;Telefon-Zentrale;;;;;;;;;;x,,,;;
telephone_switchboard_desc;Телефонная станция представляет собой систему электрических компонентов, используемых для подключения телефонных звонков. Первый телефонный коммутатор был изобретен венгром Тивадаром Пушкашем в 1877, когда он работал у Томаса Эдисона. Примитивные телефонные станции для коммерческого ипользования появились в 1881 в восточной части США и Западной Европе. Телефонные станции состояли из сотен коммутаторов, где штат операторов вручную соединял абонентов телефонной линии. Элмон Браун Строугер запатентовал первый тумблер в 1891, который мог автоматически соединять абонентов.;;Eine Telefon-Zentrale ist ein System aus elektronischen Komponenten und wird dazu verwendet, Anrufe zu verbinden. Die erste Telefon-Zentrale wurde 1877 von dem Ungarn Tivadar Puskбs erfunden, wдhrend er fьr Thomas Edison arbeitete. Erste primitive Fernsprechдmter fьr kommerzielle Einrichtungen bestanden 1881 im Osten der US und im westlichen Europa. Fernsprechдmter bestanden aus hunderten von Schalttafeln, an denen Telefonisten manuell Anrufe weiterleiteten und verbanden, indem sie Kabel umstцpselten. Almon Brown Strowger patentierte 1891 den ersten Kippschalter, der zur automatischen Anrufweiterleitung fьhrte.;;;;;;;;;;x,,,;;
BRZ_2446;Минас-Жерайс;Minas Gerais;Minas Gerais;;Minas Gerais;;;;;;;;;x;
CLM_2259;Каука;Cauca;Cauca;;Cauca;;;;;;;;;x;
ANN_1371;Тонкин;Tonkin;Tonkin;;Tonkin;;;;;;;;;x;
ANN_1374;Аннам;Annam;Annam;;Annam;;;;;;;;;x;
ANN_1383;Кохинхина;Cochin China;Cochinchina;;Cochin China;;;;;;;;;x;
LUA_1356;Лаос;Laos;Laos;;Laos;;;;;;;;;x;
SIA_1392;Бангкок;Bangkok;Bangkok;;Bangkok;;;;;;;;;x;
SIA_1355;Чиангмай;Chiang Mai;Chiang Mai;;Chiang Mai;;;;;;;;;x;
SIA_1358;Накхонратчасима;Nakhon Ratchasima;Nakhon Ratchasima;;Nakhon Ratchasima;;;;;;;;;x;
ENG_1384;Малайя;Malaya;Malaya;;Malaya;;;;;;;;;x;
ENG_1343;Тенассерим;Tenasserim;Tenasserim;;Tenasserim;;;;;;;;;x;
BUR_1339;Качин;Kachin;Kachin;;Kachin;;;;;;;;;x;
BUR_1334;Шан;Shan States;Shan-Staaten;;Shan States;;;;;;;;;x;
BUR_1330;Пегу;Pegu;Pegu;;Pegu;;;;;;;;;x;
NEP_1327;Гималайи;Himalayas;Himalaya;;Himalayas;;;;;;;;;x;
TIB_1591;Тибет;Tibet;Tibet;;Tibet;;;;;;;;;x;
ENG_1247;Бихар;Bihar;Bihar;;Bihar;;;;;;;;;x;
ENG_1261;Орисса;Orissa;Orissa;;Orissa;;;;;;;;;x;
ENG_1236;Объединенные провинции;United Provinces;Vereinte Provinzen;;United Provinces;;;;;;;;;x;
PAN_1227;Пенджаб;Punjab;Punjab;;Punjab;;;;;;;;;x;
PAN_1224;Кашмир;Kashmir;Kaschmir;;Kashmir;;;;;;;;;x;
KAL_1221;Белуджистан;Baluchistan;Belutschistan;;Baluchistan;;;;;;;;;x;
SIN_1288;Синд;Sind;Sind;;Sind;;;;;;;;;x;
ENG_1291;Гуджарат;Gujarat;Gujarat;;Gujarat;;;;;;;;;x;
ENG_1264;Раджпутана;Rajputana;Rajputana;;Rajputana;;;;;;;;;x;
ENG_1275;Центральная Индия;Central India;Zentral-Indien;;Central India;;;;;;;;;x;
NAG_1277;Нагпур;Nagpur;Nagpur;;Nagpur;;;;;;;;;x;
ENG_1305;Киркарс;Circars;Circars;;Circars;;;;;;;;;x;
HYD_1283;Хайдарабад;Hyderabad;Hyderabad;;Hyderabad;;;;;;;;;x;
ENG_1297;Бомбей;Bombay;Bombay;;Bombay;;;;;;;;;x;
ENG_1304;Мадрас;Madras;Madras;;Madras;;;;;;;;;x;
MYS_1314;Майсур;Mysore;Mysore;;Mysore;;;;;;;;;x;
ENG_1317;Траванкор;Travancore;Travancore;;Travancore;;;;;;;;;x;
ATJ_1405;Ачех;Aceh;Aceh;;Aceh;;;;;;;;;x;
NET_1398;Суматра;Sumatra;Sumatra;;Sumatra;;;;;;;;;x;
NET_1423;Борнео;Borneo;Borneo;;Borneo;;;;;;;;;x;
NET_1449;Молуккские острова;Moluccas;Molukken;;Moluccas;;;;;;;;;x;
NET_1451;Западная Новая Гвинея;Western New Guinea;West-Neuguinea;;Western New Guinea;;;;;;;;;x;
BAL_1438;Зондские острова;Sunda Islands;Sundainseln;;Sunda Islands;;;;;;;;;x;
BRU_1394;Северное Борнео;North Borneo;Nord-Borneo;;North Borneo;;;;;;;;;x;
PER_1141;Ларистан-Систан;Laristan-Sistan;Laristan-Sistan;;Laristan-Sistan;;;;;;;;;x;
PER_1148;Хорасан;Khorasan;Khorasan;;Khorasan;;;;;;;;;x;
PER_1138;Хузестан;Khuzestan;Chuzestan;;Khuzestan;;;;;;;;;x;
PER_1135;Фарс-Керман;Fars-Kerman;Fars-Kerman;;Fars-Kerman;;;;;;;;;x;
PER_1127;Исфахан;Isfahan;Isfahan;;Isfahan;;;;;;;;;x;
PER_1116;Гилян-Мазендеран;Gilan-Mazandaran;Gilan-Mazandaran;;Gilan-Mazandaran;;;;;;;;;x;
PER_1121;Иракаджеми;Irakajemi;Irakajemi;;Irakajemi;;;;;;;;;x;
PER_1112;Тебриз;Tabriz;Tдbris;;Tabriz;;;;;;;;;x;
PER_1122;Луристан;Luristan;Luristan;;Luristan;;;;;;;;;x;
AFG_1214;Западный Афганистан;Western Afghanistan;West-Afghanistan;;Western Afghanistan;;;;;;;;;x;
AFG_1217;Восточный Афганистан;Eastern Afghanistan;Ost-Afghanistan;;Eastern Afghanistan;;;;;;;;;x;
RUS_1196;Туркмения;Turkmenia;Turkmenistan;;Turkmenia;;;;;;;;;x;
KHI_1191;Узбекия;Uzbekia;Uzbekia;;Uzbekia;;;;;;;;;x;
BUK_1207;Таджикистан;Tajikistan;Tadschikistan;;Tajikistan;;;;;;;;;x;
KOK_1190;Киргизия;Kirghizia;Kirghizia;;Kirghizia;;;;;;;;;x;
RUS_1182;Уральск;Uralsk;Oral;;Uralsk;;;;;;;;;x;
RUS_1184;Акмолинск;Akmolinsk;Akmolinsk;;Akmolinsk;;;;;;;;;x;
RUS_1185;Семиречье;Semireche;Siebenstromland;;Semireche;;;;;;;;;x;
CHI_1532;Внутренняя Монголия;Inner Mongolia;Innere Mongolei;;Inner Mongolia;;;;;;;;;x;
CHI_1578;Сычуань;Sichuan;Sichuan;;Sichuan;;;;;;;;;x;
CHI_1581;Чунцин;Chongqing;Chongqing;;Chongqing;;;;;;;;;x;
CHI_1494;Чаочжоу;Shaozhou;Shaozhou;;Shaozhou;;;;;;;;;x;
CHI_1550;Цзянси;Jiangxi;Jiangxi;;Jiangxi;;;;;;;;;x;
CHI_1487;Фуцзянь;Fujian;Fujian;;Fujian;;;;;;;;;x;
CHI_1611;Чжэцзян;Zhejiang;Zhejiang;;Zhejiang;;;;;;;;;x;
CHI_1473;Южный Аньхой;Southern Anhui;Sьd-Anhui;;Southern Anhui;;;;;;;;;x;
CHI_1516;Восточный Хубэй;Eastern Hubei;Ost-Hubei;;Eastern Hubei;;;;;;;;;x;
CHI_1523;Западный Хубэй;Western Hubei;West-Hubei;;Western Hubei;;;;;;;;;x;
CHI_1513;Хэнань;Henan;Henan;;Henan;;;;;;;;;x;
CHI_1472;Северный Аньхой;Northern Anhui;Nord-Anhui;;Northern Anhui;;;;;;;;;x;
CHI_1476;Цзянсу;Jiangsu;Jiangsu;;Jiangsu;;;;;;;;;x;
CHI_1539;Сучжоу;Suzhou;Suzhou;;Suzhou;;;;;;;;;x;
CHI_1563;Шаньдун;Shandong;Shandong;;Shandong;;;;;;;;;x;
CHI_1614;Южный Чжили;Southern Zhili;Sьd-Zhili;;Southern Zhili;;;;;;;;;x;
CHI_1618;Северный Чжили;Northern Zhili;Nord-Zhili;;Northern Zhili;;;;;;;;;x;
CHI_1553;Маньчжурия;Manchuria;Mandschurei;;Manchuria;;;;;;;;;x;
CHI_1082;Внешняя Манчьжурия;Outer Manchuria;ДuЯere Mandschurei;;Outer Manchuria;;;;;;;;;x;
CHI_1086;Сахалин;Sakhalin;Sachalin;;Sakhalin;;;;;;;;;x;
KOR_1624;Сеул;Seoul;Seoul;;Seoul;;;;;;;;;x;
KOR_1635;Пусан;Busan;Busan;;Busan;;;;;;;;;x;
KOR_1627;Саривон;Sariwon;Sariwon;;Sariwon;;;;;;;;;x;
KOR_1619;Пхеньян;Pyongyang;Pjцngjang;;Pyongyang;;;;;;;;;x;
JAP_1660;Кюсю;Kyushu;Kyushu;;Kyushu;;;;;;;;;x;
JAP_1640;Тюгоку-Сикоку;Chugoku-Shikoku;Chugoku-Shikoku;;Chugoku-Shikoku;;;;;;;;;x;
JAP_1655;Кансай;Kansai;Kansai;;Kansai;;;;;;;;;x;
JAP_1675;Тюбу;Chubu;Chubu;;Chubu;;;;;;;;;x;
JAP_1649;Канто;Kanto;Kanto;;Kanto;;;;;;;;;x;
JAP_1654;Острова Бонин;Bonin Islands;Bonininseln;;Bonin Islands;;;;;;;;;x;
JAP_1672;Тохоку;Tohoku;Tohoku;;Tohoku;;;;;;;;;x;
JAP_1088;Хоккайдо;Hokkaido;Hokkaido;;Hokkaido;;;;;;;;;x;
RUS_2685;Урал;Ural;Ural;;Ural;;;;;;;;;x;
RUS_1065;Обь;Ob;Ob;;Ob;;;;;;;;;x;
RUS_1064;Тобольск;Tobolsk;Tobolsk;;Tobolsk;;;;;;;;;x;
RUS_1469;Томск;Tomsk;Tomsk;;Tomsk;;;;;;;;;x;
RUS_2615;Нижний Енисейск;Lower Yeniseysk;Unter-Jenisseisk;;Lower Yeniseysk;;;;;;;;;x;
RUS_1070;Высший Енисейск;Upper Yeniseysk;Ober-Jenisseisk;;Upper Yeniseysk;;;;;;;;;x;
RUS_1075;Иркутск;Irkutsk;Irkutsk;;Irkutsk;;;;;;;;;x;
RUS_1079;Транс-Байкал;Trans-Baikal;Transbaikal;;Trans-Baikal;;;;;;;;;x;
RUS_2694;Средняя Сибирь;Middle Siberia;Mittel-Sibirien;;Middle Siberia;;;;;;;;;x;
RUS_1069;Западный Якутск;West Yakutsk;West Yakutsk;;West Yakutsk;;;;;;;;;x;
RUS_2653;Северная Сибирь;North Siberia;Nord-Sibirien;;North Siberia;;;;;;;;;x;
RUS_1071;Якутск;Yakutsk;Yakutsk;;Yakutsk;;;;;;;;;x;
RUS_1072;Охотск;Okhotsk;Okhotsk;;Okhotsk;;;;;;;;;x;
RUS_2668;Северный Якутск;North Yakutsk;Nord-Yakutsk;;North Yakutsk;;;;;;;;;x;
RUS_2618;Верхний Охотск;Upper Okhotsk;Ober-Okhotsk;;Upper Okhotsk;;;;;;;;;x;
RUS_2621;Внутренняя Чукотка;Yakutsk;Yakutsk;;Yakutsk;;;;;;;;;x;
RUS_1074;Камчатка;Kamchatka;Kamtschatka;;Kamchatka;;;;;;;;;x;
RUS_2590;Прибрежная Чукотка;Coastal Chukotka;Kьste von Tschuktschen;;Coastal Chukotka;;;;;;;;;x;
TUR_885;Карс;Kars;Kars;;Kars;;;;;;;;;x;
TUR_884;Трабзон;Trabzon;Trabzon;;Trabzon;;;;;;;;;x;
TUR_889;Диярбакыр-Ван;Diyarbakir-Van;Diyarbakir-Van;;Diyarbakir-Van;;;;;;;;;x;
TUR_876;Анкара;Ankara;Ankara;;Ankara;;;;;;;;;x;
TUR_873;Конья;Konya;Konya;;Konya;;;;;;;;;x;
TUR_881;Кастамону;Kastamonu;Kastamonu;;Kastamonu;;;;;;;;;x;
TUR_869;Айдын;Aydin;Aydin;;Aydin;;;;;;;;;x;
TUR_863;Хюдавендигар;Hudavendigar;Hьdavendigar;;Hudavendigar;;;;;;;;;x;
TUR_923;Мосул;Mosul;Mosul;;Mosul;;;;;;;;;x;
TUR_931;Багдад;Baghdad;Baghdad;;Baghdad;;;;;;;;;x;
TUR_935;Басра;Basra;Basra;;Basra;;;;;;;;;x;
EGY_897;Алеппо;Aleppo;Aleppo;;Aleppo;;;;;;;;;x;
EGY_910;Трансиордания;Transjordan;Transjordanien;;Transjordan;;;;;;;;;x;
EGY_903;Сирия;Syria;Syrien;;Syria;;;;;;;;;x;
NEJ_1156;Хаиль;Hail;Ha'il;;Hail;;;;;;;;;x;
NEJ_1157;Неджд;Nejd;Nadschd;;Nejd;;;;;;;;;x;
EGY_1746;Синай;Sinai;Sinai;;Sinai;;;;;;;;;x;
EGY_1750;Нижний Египет;Basse Йgypte;Unter-Дgypten;;Lower Egypt;;;;;;;;;x;
EGY_1762;Средний Египет;Йgypte Moyenne;Mittel-Дgypten;;Middle Egypt;;;;;;;;;x;
EGY_1771;Верхний Египет;Basse Йgypte;Unter-Дgypten;;Upper Egypt;;;;;;;;;x;
EGY_1753;Матрух;Matruh;Matruh;;Matruh;;;;;;;;;x;
EGY_1758;Египетская пустыня;Egyptian Desert;Дgyptische Wьste;;Egyptian Desert;;;;;;;;;x;
EGY_1834;Донгола;Dongolah;Dunqula;;Dongola;;;;;;;;;x;
EGY_1827;Судан;Soudan;Sudan;;Sudan;;;;;;;;;x;
ENG_1843;Экватория; Region Йquateur;Дquatoria;;Equatoria;;;;;;;;;x;
ENG_1848;Эритрея;L'Йrythrйe;Eritrea;;Eritrea;;;;;;;;;x;
ETH_1854;Гондер-Тыграй;Gonder-Tigray;Gonder-Tigray;;Gonder-Tigray;;;;;;;;;x;
ETH_1864;Амхара;Amhara;Amhara;;Amhara;;;;;;;;;x;
ETH_1867;Оромия;Oromia;Oromia;;Oromia;;;;;;;;;x;
ALD_1708;Константина;Constantine;Constantine;;Constantine;;;;;;;;;x;
FRA_1700;Алжир;Alger;Algier;;Algiers;;;;;;;;;x;
ALD_1704;Тлемсен;Tlemcen;Tlemcen;;Tlemcen;;;;;;;;;x;
MOR_1688;аль Риф;al Rif;Al Rif;;al Rif;;;;;;;;;x;
MOR_1686;Фес;Fez;Fиs;;Fez;;;;;;;;;x;
MOR_1693;Марроко;Maroc;Marokko;;Morocco;;;;;;;;;x;
FRA_1803;Тимбукту;Timbuktu;Timbuktu;;Timbuktu;;;;;;;;;x;
FRA_1798;Восточная Мали;Mali orientale;Ost-Mali;;Eastern Mali;;;;;;;;;x;
FRA_1801;Западная Мали;Mali ouest;West-Mali;;Western Mali;;;;;;;;;x;
FRA_1901;Вольта;Volta;Volta;;Volta;;;;;;;;;x;
FRA_1808;Внешний Хаусаленд;Outer Hausaland;ДuЯeres Hausaland;;Outer Hausaland;;;;;;;;;x;
FRA_1923;Йоруба;Yoruba States;Yoruba-Staaten;;Yoruba States;;;;;;;;;x;
FRA_1927;Хаусаленд;Hausaland;Hausaland;;Hausaland;;;;;;;;;x;
FRA_1939;Восточный Хаусаленд;East Hausaland;Ost-Hausaland;;East Hausaland;;;;;;;;;x;
FRA_1930;Бенин;Benin;Benin;;Benin;;;;;;;;;x;
FRA_1931;Дельта Нигера;Niger Delta;Niger-Delta;;Niger Delta;;;;;;;;;x;
FRA_1937;Нигерия;Nigeria;Nigeria;;Nigeria;;;;;;;;;x;
FRA_1816;Борно;Bornou;Bornu;;Bornu;;;;;;;;;x;
ENG_1825;Чад;Tchad;Tschad;;Chad;;;;;;;;;x;
ENG_1818;Вадаи;Ouaddai;Waddai;;Waddai;;;;;;;;;x;
FRA_1965;Убанги-Шари;Oubangi-Chari;Ubangi-Schari;;Ubangi-Shari;;;;;;;;;x;
ENG_2029;Занзибар;Zanzibar;Sansibar;;Zanzibar;;;;;;;;;x;
ENG_2034;Танганьика;Tanzanie;Tanganjika;;Tanganyika;;;;;;;;;x;
ENG_2039;Линди;Lindi;Lindi;;Lindi;;;;;;;;;x;
ENG_2016;Казембе;Kazembe;Kazembe;;Kazembe;;;;;;;;;x;
POR_2053;Замбезия;Zambezia;Zambezia;;Zambezia;;;;;;;;;x;
POR_2049;Лоренсу-Маркиш;Lourenзo Marques;Lourenзo Marques;;Lourenзo Marques;;;;;;;;;x;
ZUL_2113;Натал-Зулуленд;Natal-Zululand;Natal-Zululand;;Natal-Zululand;;;;;;;;;x;
ENG_2078;Герероленд;Hereroland;Hereroland;;Hereroland;;;;;;;;;x;
ENG_2132;Южноатлантические острова;South Atlantic Islands;Sьdatlantische Inseln;;South Atlantic Islands;;;;;;;;;x;
ENG_2125;Территория Индийского океана;Territoire de l'ocйan Indien;Territorium im Indischen Ozean;;Indian Ocean Territory;;;;;;;;;x;
MAD_2117;Южный Мадагаскар;Sud de Madagascar;Sьd-Madagaskar;;South Madagascar;;;;;;;;;x;
MAD_2121;Северный Мадагаскар;Du Nord de Madagascar;Nord-Madagaskar;;North Madagascar;;;;;;;;;x;
sioux_nation_title;Народ Сиу;Nation Sioux;Sioux-Nation;;Naciуn Sioux;;;;;;;;;x;
sioux_nation_name;Народ Сиу;Nation Sioux;Sioux-Nation;;Naciуn Sioux;;;;;;;;;x;
sioux_nation_desc;Сиу поднялись на защиту своих земель от американских солдат и переселенцев. Они возмущены невыполнением обещаний Вашингтоном и будут яростно сражаться против колонизации запада.;;Die Sioux-Nation erhebt sich und verteidigt das Land ihrer Vorfahren gegen das Vordringen der amerikanischen Siedler und Soldaten. Die gebrochenen Versprechen Washingtons befeuern ihren Zorn und sie werden entschlossen kдmpfen, um die Kolonisation des Westens aufzuhalten.;;;;;;;;;;;x;
sioux_nation_army;Банды Сиу;Groupe de guerriers Sioux;Sioux-Kriegspartei;;Parte de guerra Sioux;;;;;;;;;x;
apache_title;Апачи;Apache;Apache;;Apache;;;;;;;;;x;
apache_name;Апачи;Apache;Apache;;Apache;;;;;;;;;x;
apache_desc;Апачи поднялись на защиту своих земель от американских солдат и переселенцев. Они возмущены невыполнением обещаний Вашингтоном и будут яростно сражаться против колонизации запада.;;Die Apachen erheben sich und verteidigen das Land ihrer Vorfahren gegen das Vordringen der amerikanischen Siedler und Soldaten. Die gebrochenen Versprechen Washingtons befeuern ihren Zorn und sie werden entschlossen kдmpfen, um die Kolonisation des Westens aufzuhalten.;;;;;;;;;;;x;
apache_army;Банды Апачи;Expйdition guerriиre Apache;Apache-Kriegspartei;;Parte de guerra Apache;;;;;;;;;x;
EVTNAME160001;Тайпинское восстание;;Die Taiping-Rebellion;;;;;;;;;;;x;
EVTDESC160001;Крупное восстание произошло в Поднебесной!;;Eine groЯe Rebellion hat alle unter den Weiten des Himmels aufgespalten.;;;;;;;;;;;x;
EVTOPTA160001;Сокрушить их!;;Vernichtet sie!;;;;;;;;;;;x;
EVTOPTB160001;Уничтожить Манчжуров!;;Weg mit den Manchu!;;;;;;;;;;;x;
EVTNAME160502;Антиманчжурские настроения;;Anti-Manchu Bewegung;;;;;;;;;;;x;
EVTDESC160502;Император, наши чиновники докладывают об росте недовольства и даже ненависти к нашей династии. Все усугубляется унизительным присутствием иностранных дьяволов в наших городах и портах. Что же делать?;;Herrscher, die Offiziellen berichten von einer wachsenden Welle des Unfriedens und sogar der Feindschaft gegen unsere Dynastie. Dieses Gefьhl wird noch verstдrkt durch die Anwesenheit der fremden Teufel in unseren Stдdten und Hдfen. Wie sollen wir darauf reagieren?;;;;;;;;;;;x;
EVTOPTA160502;Пошлите солдат разобраться.;;Eine Demonstration unserer Macht sollte helfen.;;;;;;;;;;;x;
EVTOPTB160502;Не тратьте на это время!;;Verschwendet meine Zeit nicht mit diesem Unfug!;;;;;;;;;;;x;
EVTNAME90902;Распад Китая.;;Der Zerfall Chinas;;;;;;;;;;;x;
EVTDESC90902;Китай распался.;;China bricht auseinander.;;;;;;;;;;;x;
EVTOPTA90902;Свобода!;;Freiheit!;;;;;;;;;;;x;
EVTNAME90040;Восстание Сипаев;;Der Sepoyaufstand;;;;;;;;;;;x;
EVTDESC90040;В Индии вспыхнуло восстание!;;Indien erhebt sich in Rebellion!;;;;;;;;;;;x;
EVTOPTA90040;С этим могут возникнуть проблемы.;;Das bedeutet Дrger.;;;;;;;;;;;x;
CRISIS_DESCRIPTION_LIBERATION;Кризис вокруг освобождения державы $COUNTRY$.;;Konflikt um die Befreiung von $COUNTRY$.;;;;;;;;;;;x;
CRISIS_DESCRIPTION_RECLAIM;Кризис по поводу возвращения державе $COUNTRY$ их исконных территорий.;;Konflikt um die Rьckgewinnung rechtmдЯiger Gebiete von $COUNTRY$.;;;;;;;;;;;x;
CRISIS_ALREADY_TAKEN_SIDE;Уже выбрали сторону.;;Bereits eine Seite gewдhlt;;;;;;;;;;;x;
CRISIS_WAITING_ON_BACKER;В ожидании.;;Wartet auf die Unterstьtzung der GroЯmacht;;;;;;;;;;;x;
MUST_BE_CRISIS_SIDE_LEADER;Лидер одной из сторон кризиса.;;Muss ein Anfьhrer einer Seite in dem Konflikt sein;;;;;;;;;;;x;
CRISIS_ALREADY_TAKEN_SIDE;Уже приняли сторону.;;Bereits auf eine Seite geschlagen;;;;;;;;;;;x;
CRISIS_OFFERTITLE;Сделать предложение.;;Macht ein Angebot;;;;;;;;;;;x;
CRISIS_OFFER_OFFER;Держава $ACTOR$ предложила §Y$WARGOAL$§! с их стороны в кризисе.;;$ACTOR$ bietet §Y$WARGOAL$§!, um sich ihrer Seite in dem momentanen Konflikt anzuschlieЯen.;;;;;;;;;;;x;
CRISIS_OFFER_WE_ACCEPT_SETUP;Если мы примем сторону в кризисе;;Wenn wir zustimmen, uns in einem Konflikt einer Seite anzuschlieЯen;;;;;;;;;;;x;
CRISIS_OFFER_WE_ACCEPT_HEADER;Доклад министра иностранных дел;Le ministre des Affaires йtrangиres indique :;Der AuЯenminister berichtet;;El ministro de Exteriores informa;;;;;;;;;x ;
CRISIS_OFFER_WE_ACCEPT_1;$MONARCHTITLE$;$MONARCHTITLE$;$MONARCHTITLE$;;$MONARCHTITLE$;;;;;;;;;x ;
CRISIS_OFFER_WE_ACCEPT_2;Мы присоединились к державе $ACTOR$ в этом кризисе со следующими требованиями:;;Wir haben uns $ACTOR$ im aktuellen Konflikt mit folgendem Angebot angeschlossen:;;;;;;;x;;;;;
CRISIS_OFFER_WE_ACCEPT_3;$WARGOAL$;§Y$WARGOAL$§W;$WARGOAL$;;$WARGOAL$;;;;;;;;;x;
CRISIS_OFFER_WE_ACCEPT_4;*;*;*;*;*;*;*;;;;;;;x;
CRISIS_OFFER_WE_ACCEPT_5;*;*;*;*;*;*;*;;;;;;;x;
CRISIS_OFFER_WE_ACCEPT_6;*;*;*;*;*;*;*;;;;;;;x;
CRISIS_OFFER_WE_ACCEPT_BTN1;Ладно;D'accord;OK;OK;OK;Aceptar;OK;Rendben;OK;;;;;;x
CRISIS_OFFER_WE_ACCEPT_BTN2;Ладно;D'accord;OK;OK;OK;Aceptar;OK;Rendben;OK;;;;;;x
CRISIS_OFFER_WE_ACCEPT_BTN3;Перейти;Voir;Geht zu;Idџ do;Ir allн;Andare;Ugrбs;Pшejнt na;;;;;;x;
CRISIS_OFFER_WE_ACCEPT_LOG;Мы присоединились к нынешнему кризису.;;Wir sind dem aktuellen Konflikt beigetreten;;;;;;;;;;;x;
CRISIS_OFFER_THEY_ACCEPT_SETUP;Если кто-то примет нашу сторону в кризисе.;;Wenn jemand zustimmt, unsere Seite in einem Konflikt zu unterstьtzen;;;;;;;;;;;x;
CRISIS_OFFER_THEY_ACCEPT_HEADER;Доклад министра иностранных дел;Le ministre des Affaires йtrangиres indique :;Der AuЯenminister berichtet;;El ministro de Exteriores informa;;;;;;;;;x ;
CRISIS_OFFER_THEY_ACCEPT_1;$MONARCHTITLE$;$MONARCHTITLE$;$MONARCHTITLE$;;$MONARCHTITLE$;;;;;;;;;x ;
CRISIS_OFFER_THEY_ACCEPT_2;Мы присоединились к державе $RECIPIENT$ в этом кризисе со следующими требованиями:;;Wir haben uns $RECIPIENT$ im aktuellen Konflikt mit folgendem Angebot angeschlossen:;;;;;;;x;;;;;
CRISIS_OFFER_THEY_ACCEPT_3;$WARGOAL$;§Y$WARGOAL$§W;$WARGOAL$;;$WARGOAL$;;;;;;;;;x ;
CRISIS_OFFER_THEY_ACCEPT_4;*;*;*;*;*;*;*;;;;;;;x;
CRISIS_OFFER_THEY_ACCEPT_5;*;*;*;*;*;*;*;;;;;;;x;
CRISIS_OFFER_THEY_ACCEPT_6;*;*;*;*;*;*;*;;;;;;;x;
CRISIS_OFFER_THEY_ACCEPT_BTN1;Ладно;D'accord;OK;OK;OK;Aceptar;OK;Rendben;OK;;;;;;x
CRISIS_OFFER_THEY_ACCEPT_BTN2;Ладно;D'accord;OK;OK;OK;Aceptar;OK;Rendben;OK;;;;;;x
CRISIS_OFFER_THEY_ACCEPT_BTN3;Перейти;Voir;Geht zu;Idџ do;Ir allн;Andare;Ugrбs;Pшejнt na;;;;;;x;
CRISIS_OFFER_THEY_ACCEPT_LOG;Держава $RECIPIENT$ поддерживает нас в этом кризисе.;;$RECIPIENT$ unterstьtzt uns im aktuellen Konflikt.;;;;;;;;;;;x;
CRISIS_OFFER_OTHER_ACCEPT_SETUP;Если кто-нибудь присоединится к кризису.;;Wenn jemand die im Konflikt befindliche Seite unterstьtzt;;;;;;;;;;;x;
CRISIS_OFFER_OTHER_ACCEPT_HEADER;Доклад министра иностранных дел;Le ministre des Affaires йtrangиres indique :;Der AuЯenminister berichtet;;El ministro de Exteriores informa;;;;;;;;;x ;
CRISIS_OFFER_OTHER_ACCEPT_1;$MONARCHTITLE$;$MONARCHTITLE$;$MONARCHTITLE$;;$MONARCHTITLE$;;;;;;;;;x ;
CRISIS_OFFER_OTHER_ACCEPT_2;Быть беде;;Ungemach droht;;;;;;;;;;;x;
CRISIS_OFFER_OTHER_ACCEPT_3;Кажется, что держава $RECIPIENT$;;Es scheint, dass $RECIPIENT$;;;;;;;;;;;x;
CRISIS_OFFER_OTHER_ACCEPT_4;решила присоединиться к кризису;;sich dazu entschlossen hat, dem aktuellen Konflikt;;;;;;;;;;;x;
CRISIS_OFFER_OTHER_ACCEPT_5;на стороне державы $ACTOR$;;auf der Seite von $ACTOR$ anzuschlieЯen;;;;;;;;;;;x;
CRISIS_OFFER_OTHER_ACCEPT_6;*;*;*;*;*;*;*;;;;;;;x;
CRISIS_OFFER_OTHER_ACCEPT_BTN1;Ладно;D'accord;OK;OK;OK;Aceptar;OK;Rendben;OK;;;;;;x
CRISIS_OFFER_OTHER_ACCEPT_BTN2;Ладно;D'accord;OK;OK;OK;Aceptar;OK;Rendben;OK;;;;;;x
CRISIS_OFFER_OTHER_ACCEPT_BTN3;Перейти;Voir;Geht zu;Idџ do;Ir allн;Andare;Ugrбs;Pшejнt na;;;;;;x;
CRISIS_OFFER_OTHER_ACCEPT_LOG;Держава $RECIPIENT$ присоединилась к нынешнему кризису;;$RECIPIENT$ schlieЯt sich dem aktuellen Konflikt an.;;;;;;;;;;;x;
CRISIS_OFFER_WE_DECLINE_SETUP;Если мы откажемся принять сторону в кризисе;;Wenn wir es ablehnen, uns in diesem Konflikt einer Seite anzuschlieЯen;;;;;;;;;;;x;
CRISIS_OFFER_WE_DECLINE_HEADER;Доклад министра иностранных дел;Le ministre des Affaires йtrangиres indique :;Der AuЯenminister berichtet;;El ministro de Exteriores informa;;;;;;;;;x ;
CRISIS_OFFER_WE_DECLINE_1;$MONARCHTITLE$;$MONARCHTITLE$;$MONARCHTITLE$;;$MONARCHTITLE$;;;;;;;;;x ;
CRISIS_OFFER_WE_DECLINE_2;Мы отказались присоединиться к державе $ACTOR$ в текущем кризисе;;Wir haben es abgelehnt, $ACTOR$ im aktuellen Konflikt zu unterstьtzen;;;;;;;x;;;;;
CRISIS_OFFER_WE_DECLINE_3;*;*;*;*;*;*;*;;;;;;;x;
CRISIS_OFFER_WE_DECLINE_4;*;*;*;*;*;*;*;;;;;;;x;
CRISIS_OFFER_WE_DECLINE_5;*;*;*;*;*;*;*;;;;;;;x;
CRISIS_OFFER_WE_DECLINE_6;*;*;*;*;*;*;*;;;;;;;x;
CRISIS_OFFER_WE_DECLINE_BTN1;Ладно;D'accord;OK;OK;OK;Aceptar;OK;Rendben;OK;;;;;;x
CRISIS_OFFER_WE_DECLINE_BTN2;Ладно;D'accord;OK;OK;OK;Aceptar;OK;Rendben;OK;;;;;;x
CRISIS_OFFER_WE_DECLINE_BTN3;Перейти;Voir;Geht zu;Idџ do;Ir allн;Andare;Ugrбs;Pшejнt na;;;;;;x;
CRISIS_OFFER_WE_DECLINE_LOG;Мы отказались принимать участие в нынешнем кризисе;;Wir haben es abgelehnt, uns dem aktuellen Konflikt anzuschlieЯen;;;;;;;;;;;x;
CRISIS_OFFER_THEY_DECLINE_SETUP;Если кто-то откажется принять нашу сторону в кризисе;;Wenn es jemand ablehnt, unsere Seite in einem Konflikt zu unterstьtzen;;;;;;;;;;;x;
CRISIS_OFFER_THEY_DECLINE_HEADER;Доклад министра иностранных дел;Le ministre des Affaires йtrangиres indique :;Der AuЯenminister berichtet;;El ministro de Exteriores informa;;;;;;;;;x ;
CRISIS_OFFER_THEY_DECLINE_1;$MONARCHTITLE$;$MONARCHTITLE$;$MONARCHTITLE$;;$MONARCHTITLE$;;;;;;;;;x ;
CRISIS_OFFER_THEY_DECLINE_2;Держава $RECIPIENT$ отказалась вступить в переговоры в течение нынешнего кризиса.;;$RECIPIENT$ hat den Beitritt zu Gesprдchen ьber den aktuellen Konflikt abgelehnt.;;;;;;;;;;;x;
CRISIS_OFFER_THEY_DECLINE_3;*;*;*;*;*;*;*;;;;;;;x;
CRISIS_OFFER_THEY_DECLINE_4;*;*;*;*;*;*;*;;;;;;;x;
CRISIS_OFFER_THEY_DECLINE_5;*;*;*;*;*;*;*;;;;;;;x;
CRISIS_OFFER_THEY_DECLINE_6;*;*;*;*;*;*;*;;;;;;;x;
CRISIS_OFFER_THEY_DECLINE_BTN1;Ладно;D'accord;OK;OK;OK;Aceptar;OK;Rendben;OK;;;;;;x
CRISIS_OFFER_THEY_DECLINE_BTN2;Ладно;D'accord;OK;OK;OK;Aceptar;OK;Rendben;OK;;;;;;x
CRISIS_OFFER_THEY_DECLINE_BTN3;Перейти;Voir;Geht zu;Idџ do;Ir allн;Andare;Ugrбs;Pшejнt na;;;;;;x;
CRISIS_OFFER_THEY_DECLINE_LOG;Держава $RECIPIENT$ отказалась присоединиться к нынешнему кризису.;;$RECIPIENT$ hat es abgelehnt, sich dem aktuellen Konflikt anzuschlieЯen.;;;;;;;;;;;x;
CRISIS_OFFER_OTHER_DECLINE_SETUP;Если кто-то покидает сторону в кризисе;;Wenn es jemand ablehnt, die in einem Konflikt befindliche Seite zu wдhlen;;;;;;;;;;;x;
CRISIS_OFFER_OTHER_DECLINE_HEADER;Доклад министра иностранных дел;Le ministre des Affaires йtrangиres indique :;Der AuЯenminister berichtet;;El ministro de Exteriores informa;;;;;;;;;x ;
CRISIS_OFFER_OTHER_DECLINE_1;$MONARCHTITLE$;$MONARCHTITLE$;$MONARCHTITLE$;;$MONARCHTITLE$;;;;;;;;;x ;
CRISIS_OFFER_OTHER_DECLINE_2;Вроде бы напряжение перестало нарастать.;;Die Dinge scheinen noch nicht auЯer Kontrolle zu sein.;;;;;;;;;;;x;
CRISIS_OFFER_OTHER_DECLINE_3;Кажется, что держава $RECIPIENT$;;Es scheint, dass $RECIPIENT$;;;;;;;;;;;x;
CRISIS_OFFER_OTHER_DECLINE_4;отказалась присоединиться к нынешнему кризису;;es abgelehnt hat, sich dem aktuellen Konflikt;;;;;;;;;;;x;
CRISIS_OFFER_OTHER_DECLINE_5;на стороне державы $ACTOR$;;auf der Seite von $ACTOR$ anzuschlieЯen;;;;;;;;;;;x;
CRISIS_OFFER_OTHER_DECLINE_6;*;*;*;*;*;*;*;;;;;;;x;
CRISIS_OFFER_OTHER_DECLINE_BTN1;Ладно;D'accord;OK;OK;OK;Aceptar;OK;Rendben;OK;;;;;;x
CRISIS_OFFER_OTHER_DECLINE_BTN2;Ладно;D'accord;OK;OK;OK;Aceptar;OK;Rendben;OK;;;;;;x
CRISIS_OFFER_OTHER_DECLINE_BTN3;Перейти;Voir;Geht zu;Idџ do;Ir allн;Andare;Ugrбs;Pшejнt na;;;;;;x;
CRISIS_OFFER_OTHER_DECLINE_LOG;Держава $RECIPIENT$ отказалась учавствовать в нынешнем кризисе.;;$RECIPIENT$ hat es abgelehnt, sich dem aktuellen Konflikt anzuschlieЯen.;;;;;;;;;;;x;
BACK_CRISISTITLE;Поддержать страну во время кризиса;;Unterstьtzt das Land im Konflikt;;;;;;;;;;;x;
BACK_CRISIS_OFFER;Держава $ACTOR$ просит нас поддержать их сторону в нынешнем кризисе.;;$ACTOR$ bittet uns, ihre Seite im aktuellen Konflikt zu unterstьtzen.;;;;;;;;;;;x;
BACK_CRISIS_WE_ACCEPT_SETUP;Если мы поддерживаем сторону в кризисе;;Wenn wir zustimmen, eine Seite im Konflikt zu unterstьtzen;;;;;;;;;;;x;
BACK_CRISIS_WE_ACCEPT_HEADER;Доклад министра иностранных дел;Le ministre des Affaires йtrangиres indique :;Der AuЯenminister berichtet;;El ministro de Exteriores informa;;;;;;;;;x ;
BACK_CRISIS_WE_ACCEPT_1;$MONARCHTITLE$;$MONARCHTITLE$;$MONARCHTITLE$;;$MONARCHTITLE$;;;;;;;;;x ;
BACK_CRISIS_WE_ACCEPT_2;Мы решили поддержать державу $ACTOR$ в нынешнем кризисе.;;Wir haben beschlossen, $ACTOR$ in dem aktuellen Konflikt zu unterstьtzen;;;;;;;;;;;x;
BACK_CRISIS_WE_ACCEPT_3;*;*;*;*;*;*;*;;;;;;;x;
BACK_CRISIS_WE_ACCEPT_4;*;*;*;*;*;*;*;;;;;;;x;
BACK_CRISIS_WE_ACCEPT_5;*;*;*;*;*;*;*;;;;;;;x;
BACK_CRISIS_WE_ACCEPT_6;*;*;*;*;*;*;*;;;;;;;x;
BACK_CRISIS_WE_ACCEPT_BTN1;Ладно;D'accord;OK;OK;OK;Aceptar;OK;Rendben;OK;;;;;;x
BACK_CRISIS_WE_ACCEPT_BTN2;Ладно;D'accord;OK;OK;OK;Aceptar;OK;Rendben;OK;;;;;;x
BACK_CRISIS_WE_ACCEPT_BTN3;Перейти;Voir;Geht zu;Idџ do;Ir allн;Andare;Ugrбs;Pшejнt na;;;;;;x;
BACK_CRISIS_WE_ACCEPT_LOG;Мы поддержали сторону в нынешнем кризисе;;Wir haben eine Seite im aktuellen Konflikt unterstьtzt;;;;;;;;;;;x;
BACK_CRISIS_THEY_ACCEPT_SETUP;Если кто-то поддерживает нашу сторону в кризисе;;Wenn jemand zustimmt, unsere Seite in einem Konflikt zu unterstьtzen;;;;;;;;;;;x;
BACK_CRISIS_THEY_ACCEPT_HEADER;Доклад министра иностранных дел;Le ministre des Affaires йtrangиres indique :;Der AuЯenminister berichtet;;El ministro de Exteriores informa;;;;;;;;;x ;
BACK_CRISIS_THEY_ACCEPT_1;$MONARCHTITLE$;$MONARCHTITLE$;$MONARCHTITLE$;;$MONARCHTITLE$;;;;;;;;;x ;
BACK_CRISIS_THEY_ACCEPT_2;Держава $RECIPIENT$ решила поддержать нас в нынешнем кризисе.;;$RECIPIENT$ hat beschlossen, uns im aktuellen Konflikt zu unterstьtzen.;;;;;;;x;;;;;
BACK_CRISIS_THEY_ACCEPT_3;*;*;*;*;*;*;*;;;;;;;x;
BACK_CRISIS_THEY_ACCEPT_4;*;*;*;*;*;*;*;;;;;;;x;
BACK_CRISIS_THEY_ACCEPT_5;*;*;*;*;*;*;*;;;;;;;x;
BACK_CRISIS_THEY_ACCEPT_6;*;*;*;*;*;*;*;;;;;;;x;
BACK_CRISIS_THEY_ACCEPT_BTN1;Ладно;D'accord;OK;OK;OK;Aceptar;OK;Rendben;OK;;;;;;x
BACK_CRISIS_THEY_ACCEPT_BTN2;Ладно;D'accord;OK;OK;OK;Aceptar;OK;Rendben;OK;;;;;;x
BACK_CRISIS_THEY_ACCEPT_BTN3;Перейти;Voir;Geht zu;Idџ do;Ir allн;Andare;Ugrбs;Pшejнt na;;;;;;x;
BACK_CRISIS_THEY_ACCEPT_LOG;Держава $RECIPIENT$ поддержала нас в нынешнем кризисе.;;$RECIPIENT$ hat uns im aktuellen Konflikt unterstьtzt.;;;;;;;;;;;x;
BACK_CRISIS_OTHER_ACCEPT_SETUP;Если кто-то поддерживает другую сторону в кризисе;;Wenn jemand die andere Seite in einem Konflikt unterstьtzt;;;;;;;;;;;x;
BACK_CRISIS_OTHER_ACCEPT_HEADER;Доклад министра иностранных дел;Le ministre des Affaires йtrangиres indique :;Der AuЯenminister berichtet;;El ministro de Exteriores informa;;;;;;;;;x ;
BACK_CRISIS_OTHER_ACCEPT_1;$MONARCHTITLE$;$MONARCHTITLE$;$MONARCHTITLE$;;$MONARCHTITLE$;;;;;;;;;x ;
BACK_CRISIS_OTHER_ACCEPT_2;Быть беде;;Ungemach droht;;;;;;;;;;;x;
BACK_CRISIS_OTHER_ACCEPT_3;Кажется, что держава $RECIPIENT$;;Es scheint, dass $RECIPIENT$;;;;;;;;;;;x;
BACK_CRISIS_OTHER_ACCEPT_4;решила поддержать державу $ACTOR$ в нынешнем кризисе;;sich dazu entschlossen hat, $ACTOR$ im aktuellen Konflikt zu unterstьtzen;;;;;;;;;;;x;
BACK_CRISIS_OTHER_ACCEPT_5;*;*;*;*;*;*;*;;;;;;;x;
BACK_CRISIS_OTHER_ACCEPT_6;*;*;*;*;*;*;*;;;;;;;x;
BACK_CRISIS_OTHER_ACCEPT_BTN1;Ладно;D'accord;OK;OK;OK;Aceptar;OK;Rendben;OK;;;;;x;
BACK_CRISIS_OTHER_ACCEPT_BTN2;Ладно;D'accord;OK;OK;OK;Aceptar;OK;Rendben;OK;;;;;x;
BACK_CRISIS_OTHER_ACCEPT_BTN3;Перейти;Voir;Geht zu;Idџ do;Ir allн;Andare;Ugrбs;Pшejнt na;;;;;;x;
BACK_CRISIS_OTHER_ACCEPT_LOG;Держава $RECIPIENT$ присоединилась к нынешнему кризису.;;$RECIPIENT$ ist dem aktuellen Konflikt beigetreten.;;;;;;;;;;;x;
BACK_CRISIS_WE_DECLINE_SETUP;Если мы отказываемся принять сторону в кризисе;;Wenn wir es ablehnen, eine Seite in einem Konflikt zu unterstьtzen;;;;;;;;;;;x;
BACK_CRISIS_WE_DECLINE_HEADER;Доклад министра иностранных дел;Le ministre des Affaires йtrangиres indique :;Der AuЯenminister berichtet:;;El ministro de Exteriores informa;;;;;;;;;x ;
BACK_CRISIS_WE_DECLINE_1;$MONARCHTITLE$;$MONARCHTITLE$;$MONARCHTITLE$;;$MONARCHTITLE$;;;;;;;;;x ;
BACK_CRISIS_WE_DECLINE_2;Мы отказались принять сторону державы $ACTOR$ в текущем кризисе;;Wir haben es abgelehnt, $ACTOR$ im aktuellen Konflikt zu unterstьtzen;;;;;;;;;;;x;
BACK_CRISIS_WE_DECLINE_3;*;*;*;*;*;*;*;;;;;;;x;
BACK_CRISIS_WE_DECLINE_4;*;*;*;*;*;*;*;;;;;;;x;
BACK_CRISIS_WE_DECLINE_5;*;*;*;*;*;*;*;;;;;;;x;
BACK_CRISIS_WE_DECLINE_6;*;*;*;*;*;*;*;;;;;;;x;
BACK_CRISIS_WE_DECLINE_BTN1;Ладно;D'accord;OK;OK;OK;Aceptar;OK;Rendben;OK;;;;;x;
BACK_CRISIS_WE_DECLINE_BTN2;Ладно;D'accord;OK;OK;OK;Aceptar;OK;Rendben;OK;;;;;x;
BACK_CRISIS_WE_DECLINE_BTN3;Перейти;Voir;Geht zu;Idџ do;Ir allн;Andare;Ugrбs;Pшejнt na;;;;;;x;
BACK_CRISIS_WE_DECLINE_LOG;Мы отказались присоединиться к нынешнему кризису;;Wir haben es abgelehnt, dem aktuellen Konflikt beizutreten;;;;;;;;;;;x;
BACK_CRISIS_THEY_DECLINE_SETUP;Если кто-то отказывается поддержать нашу сторону в кризисе;;Wenn es jemand ablehnt, unsere Seite in einem Konflikt zu unterstьtzen;;;;;;;;;;;x;
BACK_CRISIS_THEY_DECLINE_HEADER;Доклад министра иностранных дел;Le ministre des Affaires йtrangиres indique :;Der AuЯenminister berichtet;;El ministro de Exteriores informa;;;;;;;;;x ;
BACK_CRISIS_THEY_DECLINE_1;$MONARCHTITLE$;$MONARCHTITLE$;$MONARCHTITLE$;;$MONARCHTITLE$;;;;;;;;;x ;
BACK_CRISIS_THEY_DECLINE_2;Держава $RECIPIENT$ отказалась поддержать нашу сторону в кризисе.;;$RECIPIENT$ hat es abgelehnt, uns im aktuellen Konflikt zu unterstьtzen.;;;;;;;;;;;x;
BACK_CRISIS_THEY_DECLINE_3;*;*;*;*;*;*;*;;;;;;;x;
BACK_CRISIS_THEY_DECLINE_4;*;*;*;*;*;*;*;;;;;;;x;
BACK_CRISIS_THEY_DECLINE_5;*;*;*;*;*;*;*;;;;;;;x;
BACK_CRISIS_THEY_DECLINE_6;*;*;*;*;*;*;*;;;;;;;x;
BACK_CRISIS_THEY_DECLINE_BTN1;Ладно;D'accord;OK;OK;OK;Aceptar;OK;Rendben;OK;;;;;x;
BACK_CRISIS_THEY_DECLINE_BTN2;Ладно;D'accord;OK;OK;OK;Aceptar;OK;Rendben;OK;;;;;x;
BACK_CRISIS_THEY_DECLINE_BTN3;Перейти;Voir;Geht zu;Idџ do;Ir allн;Andare;Ugrбs;Pшejнt na;;;;;;x;
BACK_CRISIS_THEY_DECLINE_LOG;Держава $RECIPIENT$ отказалась поддержать державу $ACTOR$ в нынешнем кризисе.;;$RECIPIENT$ hat es abgelehnt, $ACTOR$ im aktuellen Konflikt zu unterstьtzen.;;;;;;;;;;;x;
BACK_CRISIS_OTHER_DECLINE_SETUP;Если кто-то откажется поддержать сторону в кризисе;;Wenn es jemand ablehnt, die im Konflikt befindliche Seite zu unterstьtzen;;;;;;;;;;;x;
BACK_CRISIS_OTHER_DECLINE_HEADER;Доклад министра иностранных дел;Le ministre des Affaires йtrangиres indique :;Der AuЯenminister berichtet;;El ministro de Exteriores informa;;;;;;;;;x ;
BACK_CRISIS_OTHER_DECLINE_1;$MONARCHTITLE$;$MONARCHTITLE$;$MONARCHTITLE$;;$MONARCHTITLE$;;;;;;;;;x ;
BACK_CRISIS_OTHER_DECLINE_2;Вроде бы напряжение перестало нарастать.;;Die Dinge scheinen noch nicht auЯer Kontrolle zu sein.;;;;;;;;;;;x;
BACK_CRISIS_OTHER_DECLINE_3;Кажется, что держава $RECIPIENT$;;Es scheint, dass $RECIPIENT$;;;;;;;;;;;x;
BACK_CRISIS_OTHER_DECLINE_4;отказалась поддержать державу $ACTOR$ в нынешнем кризисе;;es abgelehnt hat, $ACTOR$ im aktuellen Konflikt zu unterstьtzen;;;;;;;;;;;x;
BACK_CRISIS_OTHER_DECLINE_5;*;*;*;*;*;*;*;;;;;;;x;
BACK_CRISIS_OTHER_DECLINE_6;*;*;*;*;*;*;*;;;;;;;x;
BACK_CRISIS_OTHER_DECLINE_BTN1;Ладно;D'accord;OK;OK;OK;Aceptar;OK;Rendben;OK;;;;;x;
BACK_CRISIS_OTHER_DECLINE_BTN2;Ладно;D'accord;OK;OK;OK;Aceptar;OK;Rendben;OK;;;;;x;
BACK_CRISIS_OTHER_DECLINE_BTN3;Перейти;Voir;Geht zu;Idџ do;Ir allн;Andare;Ugrбs;Pшejнt na;;;;;;x;
BACK_CRISIS_OTHER_DECLINE_LOG;Держава $RECIPIENT$ отказалась поддержать державу $ACTOR$ в текущем кризисе.;;$RECIPIENT$ hat es abgelehnt, $ACTOR$ im aktuellen Konflikt zu unterstьtzen.;;;;;;;;;;;x;
CRISIS_PROGRESS_DESC;Когда эта шкала заполнится, время дипломатических переговоров закончится и кризис перерастет в войну.;;Wenn dieser Zдhler das Maximum erreicht, ist die Zeit fьr Diplomatie vorrьber und der Konflikt wird in einen Krieg ausarten.;;;;;;;;;;;x;
CRISIS_WAITING_DESC;Как минимум одна из сторон кризиса ожидает великую державу для поддержки.;;Wenigstens eine Seite des Konflikts wartet auf die Unterstьtzung durch eine GroЯmacht.;;;;;;;;;;;x;
EFFECT_CRISIS_INTEREST;Держава $COUNTRY$ выразила интерес к нынешнему кризису.;;$COUNTRY$ erklдrt sein Interesse am aktuellen Konflikt;;;;;;;;;;;x;
EVTNAME20000;Назревает международный кризис.;;Ein internationaler Konflikt brodelt!;;;;;;;;;;;x;
EVTDESC20000;От нас, как от великой державы, ждут выражения нашей позиции.;;Als GroЯmacht erwartet man von uns, unsere Position festzulegen.;;;;;;;;;;;x;
EVTOPTA20000;Да, мы заинтересованы этим кризисом.;;Ja, wir sind an diesem Konflikt interessiert;;;;;;;;;;;x;
EVTOPTB20000;Это нас не касается;;Das geht uns nichts an;;;;;;;;;;;x;
CRISIS_BACK_DOWN;Предложить решение;;Schlagt eine Lцsung vor;;;;;;;;;;;x;
CRISISOFFERDESC;Держава $ COUNTRY $ предлагает урегулировать нынешний кризис в нашу пользу:;;$COUNTRY$ schlдgt vor, den Konflikt zu unserem Vorteil beizulegen:;;;;;;;;;;;x;
CRISISDEMANDDESC;Держава $COUNTRY$ требует урегулирования нынешнего кризиса в свою пользу:;;$COUNTRY$ fordert, dass wir den Konflikt zu ihrem Vorteil beilegen:;;;;;;;;;;;x;
crisis_free_peoples;Освобождение народа;Libйrer la population;Freies Volk;;Liberar pueblo;;;;;;;;;x;
crisis_free_peoples_short;$THIRD$ получит $STATE$;$THIRD$ prend $STATE$;$THIRD$ erwirbt $STATE$;;$THIRD$ adquiere $STATE$;;;;;;;;;x;
crisis_free_peoples_setup;Вернуть $STATE$ обратно к $THIRD$ от $RECIPIENT$;Prendre $STATE$ а $RECIPIENT$ pour le rendre а $THIRD$;Geben Sie $STATE$ an $THIRD$ von $RECIPIENT$ zurьck;;Arrebatar el estado de $STATE$ de manos de $RECIPIENT$ y devolvйrselo a $THIRD$;;;;;;;;;x;
CRISIS_BACK_DOWN_WE_ACCEPT_SETUP;Если мы принимаем предложение другой стороны в кризисе;;Wenn wir das Angebot der anderen Seite in einem Konflikt akzeptieren;;;;;;;;;;;x;
CRISIS_BACK_DOWN_WE_ACCEPT_HEADER;$MESSENGER$;$MESSENGER$;$MESSENGER$;;$MESSENGER$;;;;;;;;;x;
CRISIS_BACK_DOWN_WE_ACCEPT_1;$ACTOR$;$ACTOR$;$ACTOR$;;$ACTOR$;;;;;;;;;x;
CRISIS_BACK_DOWN_WE_ACCEPT_2;Мы приняли предложение разрешить текущий кризис с;;Wir haben zugestimmt, ein Angebot zur Beendigung dieses Konflikts von;;;;;;;;;;;x;
CRISIS_BACK_DOWN_WE_ACCEPT_3;$ACTOR$;$ACTOR$;$ACTOR$;;$ACTOR$;;;;;;;;;x;
CRISIS_BACK_DOWN_WE_ACCEPT_4;на следующих условиях:;aux conditions suivantes :;zu folgenden Bedingungen anzunehmen:;;en los siguientes tйrminos:;;;;;;;;;x;
CRISIS_BACK_DOWN_WE_ACCEPT_5; $TERMS$; §Y$TERMS$§W; $TERMS$;; $TERMS$;;;;;;;;;x;
CRISIS_BACK_DOWN_WE_ACCEPT_6;*;*;*;*;*;*;*;;;;;;;x;
CRISIS_BACK_DOWN_WE_ACCEPT_LOG;Мы приняли предложение по урегулированию кризиса от державы $ACTOR$;;Wir haben das Angebot von  $ACTOR$ zur Beendigung des Konflikts angenommen.;;;;;;;;;;;x;
CRISIS_BACK_DOWN_WE_ACCEPT_BTN1;Замечательно!;Parfait !;Gut!;;ЎBien!;;;;;;;;;x;
CRISIS_BACK_DOWN_WE_ACCEPT_BTN2;Замечательно!;Parfait !;Gut!;;ЎBien!;;;;;;;;;x;
CRISIS_BACK_DOWN_WE_ACCEPT_BTN3;Перейти;Voir;Geht zu;;Ir allн;;;;;;;;;x;
CRISIS_BACK_DOWN_WE_ACCEPT_MAP;Мир!;Paix !;Frieden!;;ЎPaz!;;;;;;;;;x;
CRISIS_BACK_DOWN_THEY_ACCEPT_SETUP;Если держава принимает ваше предложение по урегулированию кризиса;;Wenn eine Nation Euer Angebot zur Beendigung eines Konflikts annimmt;;;;;;;;;;;x;
CRISIS_BACK_DOWN_THEY_ACCEPT_HEADER;$MESSENGER$;$MESSENGER$;$MESSENGER$;;$MESSENGER$;;;;;;;;;x;
CRISIS_BACK_DOWN_THEY_ACCEPT_1;$RECIPIENT$;$RECIPIENT$;$RECIPIENT$;;$RECIPIENT$;;;;;;;;;x;
CRISIS_BACK_DOWN_THEY_ACCEPT_2;Держава $RECIPIENT$;$RECIPIENT$;$RECIPIENT$;;$RECIPIENT$;;;;;;;;;x;
CRISIS_BACK_DOWN_THEY_ACCEPT_3;приняла наше предложение по урегулированию кризиса;;hat unser Angebot zur Beendigung des Konflikts angenommen;;;;;;;;;;;x;
CRISIS_BACK_DOWN_THEY_ACCEPT_4;*;*;*;;*;;;;;;;;;x;
CRISIS_BACK_DOWN_THEY_ACCEPT_5;*;*;*;;*;;;;;;;;;x;
CRISIS_BACK_DOWN_THEY_ACCEPT_6;Условия: $TERMS$;Conditions : $TERMS$;Bedingungen: $TERMS$;;Tйrminos: $TERMS$;;;;;;;;;x;
CRISIS_BACK_DOWN_THEY_ACCEPT_LOG;Держава $RECIPIENT$ приняла наше предложение мира.;$RECIPIENT$ a acceptй notre offre de paix.;$RECIPIENT$ akzeptierte unser Friedensangebot.;;$RECIPIENT$ ha aceptado nuestra oferta de paz.;;;;;;;;;x;
CRISIS_BACK_DOWN_THEY_ACCEPT_BTN1;Замечательно!;Parfait !;Gut!;;ЎBien!;;;;;;;;;x;
CRISIS_BACK_DOWN_THEY_ACCEPT_BTN2;Замечательно!;Parfait !;Gut!;;ЎBien!;;;;;;;;;x;
CRISIS_BACK_DOWN_THEY_ACCEPT_BTN3;Перейти;Voir;Geht zu;;Ir allн;;;;;;;;;x;
CRISIS_BACK_DOWN_THEY_ACCEPT_MAP;*;*;*;*;*;*;*;;;;;;;x;
CRISIS_BACK_DOWN_OTHER_ACCEPT_SETUP;Если держава принимает предложение об урегулировании кризиса;;Wenn eine Nation ein Angebot zur Beendigung eines Konflikts annimmt;;;;;;;;;;;x;
CRISIS_BACK_DOWN_OTHER_ACCEPT_HEADER;$MESSENGER$;$MESSENGER$;$MESSENGER$;;$MESSENGER$;;;;;;;;;x;
CRISIS_BACK_DOWN_OTHER_ACCEPT_1;$RECIPIENT$;$RECIPIENT$;$RECIPIENT$;;$RECIPIENT$;;;;;;;;;x;
CRISIS_BACK_DOWN_OTHER_ACCEPT_2;Держава $RECIPIENT$;$RECIPIENT$;$RECIPIENT$;;$RECIPIENT$;;;;;;;;;x;
CRISIS_BACK_DOWN_OTHER_ACCEPT_3;приняла предложение по урегулированию кризиза от державы;;hat das Friedensangebot angenommen, und zwar von;;;;;;;;;;;x;
CRISIS_BACK_DOWN_OTHER_ACCEPT_4;$ACTOR$;$ACTOR$.;$ACTOR$;;$ACTOR$;;;;;;;;;x;
CRISIS_BACK_DOWN_OTHER_ACCEPT_5;*;*;*;;*;;;;;;;;;x;
CRISIS_BACK_DOWN_OTHER_ACCEPT_6;Условия: $TERMS$;Conditions : $TERMS$;Bedingungen: $TERMS$;;Tйrminos: $TERMS$;;;;;;;;;x;
CRISIS_BACK_DOWN_OTHER_ACCEPT_LOG;Держава $RECIPIENT$ приняла предложение по урегулированию кризиза от державы $ACTOR$.;;$RECIPIENT$ hat das Friedensangebot von $ACTOR$ angenommen.;;;;;;;;;;;x;
CRISIS_BACK_DOWN_OTHER_ACCEPT_BTN1;Замечательно!;Parfait !;Gut!;;ЎBien!;;;;;;;;;x;
CRISIS_BACK_DOWN_OTHER_ACCEPT_BTN2;Замечательно!;Parfait !;Gut!;;ЎBien!;;;;;;;;;x;
CRISIS_BACK_DOWN_OTHER_ACCEPT_BTN3;Перейти;Voir;Geht zu;;Ir allн;;;;;;;;;x;
CRISIS_BACK_DOWN_OTHER_ACCEPT_MAP;*;*;*;*;*;*;*;;;;;;;x;
CRISIS_BACK_DOWN_WE_DECLINE_SETUP;Если мы отклоняем предложение по урегулированию кризиса;;Wenn wir ein Angebot zur Beendigung eines Konflikts ablehnen;;;;;;;;;;;x;
CRISIS_BACK_DOWN_WE_DECLINE_HEADER;$MESSENGER$;$MESSENGER$;$MESSENGER$;;$MESSENGER$;;;;;;;;;x;
CRISIS_BACK_DOWN_WE_DECLINE_1;$ACTOR$;$ACTOR$;$ACTOR$;;$ACTOR$;;;;;;;;;x;
CRISIS_BACK_DOWN_WE_DECLINE_2;Мы отклонили предложение мира от державы;;Wir haben das Friedensangebot von;;;;;;;;;;;x;
CRISIS_BACK_DOWN_WE_DECLINE_3;$ACTOR$;$ACTOR$;$ACTOR$;;$ACTOR$;;;;;;;;;x;
CRISIS_BACK_DOWN_WE_DECLINE_4;на следующих условиях:;;zu den folgenden Bedingungen abgelehnt:;;;;;;;;;;;x;
CRISIS_BACK_DOWN_WE_DECLINE_5;*;*;*;;*;;;;;;;;;x;
CRISIS_BACK_DOWN_WE_DECLINE_6;*;*;*;;*;;;;;;;;;x;
CRISIS_BACK_DOWN_WE_DECLINE_LOG;Мы отклонили предложение по урегулированию кризиса от державы $ACTOR$.;;Wir haben den Friedensvorschlag von $ACTOR$ zur Beendigung des Konflikts abgelehnt.;;;;;;;;;;;x;
CRISIS_BACK_DOWN_WE_DECLINE_BTN1;Замечательно!;Parfait !;Gut!;;ЎBien!;;;;;;;;;x;
CRISIS_BACK_DOWN_WE_DECLINE_BTN2;Замечательно!;Parfait !;Gut!;;ЎBien!;;;;;;;;;x;
CRISIS_BACK_DOWN_WE_DECLINE_BTN3;Перейти;Voir;Geht zu;;Ir allн;;;;;;;;;x;
CRISIS_BACK_DOWN_WE_DECLINE_MAP;*;*;*;*;*;*;*;;;;;;;x;
CRISIS_BACK_DOWN_THEY_DECLINE_SETUP;Если держава отклоняет ваше предложение по урегулированию кризиса;;Wenn eine Nation Euer Angebot zur Beendigung eines Konflikts ablehnt;;;;;;;;;;;x;
CRISIS_BACK_DOWN_THEY_DECLINE_HEADER;$MESSENGER$;$MESSENGER$;$MESSENGER$;;$MESSENGER$;;;;;;;;;x;
CRISIS_BACK_DOWN_THEY_DECLINE_1;$RECIPIENT$;$RECIPIENT$;$RECIPIENT$;;$RECIPIENT$;;;;;;;;;x;
CRISIS_BACK_DOWN_THEY_DECLINE_2;Держава $RECIPIENT$;$RECIPIENT$;$RECIPIENT$;;$RECIPIENT$;;;;;;;;;x;
CRISIS_BACK_DOWN_THEY_DECLINE_3;отклонила наше щедрое предложение по урегулированию кризиса.;;hat unser spendables Angebot zur Beendigung des Konflikts abgelehnt;;;;;;;;;;;x;
CRISIS_BACK_DOWN_THEY_DECLINE_4;*;*;*;;*;;;;;;;;;x;
CRISIS_BACK_DOWN_THEY_DECLINE_5;*;*;*;;*;;;;;;;;;x;
CRISIS_BACK_DOWN_THEY_DECLINE_6;*;*;*;;*;;;;;;;;;x;
CRISIS_BACK_DOWN_THEY_DECLINE_LOG;Держава $RECIPIENT$ наше предложение по урегулированию кризиса.;;$RECIPIENT$ hat unser Angebot zur Beendigung des Konflikts abgelehnt.;;;;;;;;;;;x;
CRISIS_BACK_DOWN_THEY_DECLINE_BTN1;Замечательно!;Parfait !;Gut!;;ЎBien!;;;;;;;;;x;
CRISIS_BACK_DOWN_THEY_DECLINE_BTN2;Замечательно!;Parfait !;Gut!;;ЎBien!;;;;;;;;;x;
CRISIS_BACK_DOWN_THEY_DECLINE_BTN3;Перейти;Voir;Geht zu;;Ir allн;;;;;;;;;x;
CRISIS_BACK_DOWN_THEY_DECLINE_MAP;*;*;*;*;*;*;*;;;;;;;x;
CRISIS_BACK_DOWN_OTHER_DECLINE_SETUP;Если другая держава отвергает предложение по урегулированию кризиса;Si une nation refuse de faire la paix avec une autre;Wenn eine andere Nation ein Angebot zu einem Konflikt ablehnt;;Cuando una naciуn rechaza la paz con otra;;;;;;;;;x;
CRISIS_BACK_DOWN_OTHER_DECLINE_HEADER;$MESSENGER$;$MESSENGER$;$MESSENGER$;;$MESSENGER$;;;;;;;;;x;
CRISIS_BACK_DOWN_OTHER_DECLINE_1;$RECIPIENT$;$RECIPIENT$;$RECIPIENT$;;$RECIPIENT$;;;;;;;;;x;
CRISIS_BACK_DOWN_OTHER_DECLINE_2;Держава $RECIPIENT$;$RECIPIENT$;$RECIPIENT$;;$RECIPIENT$;;;;;;;;;x;
CRISIS_BACK_DOWN_OTHER_DECLINE_3;отвергла предложение по урегулированию кризиса от державы;;hat das Angebot zur Beendigung eines Konflikts abgelehnt, und zwar von;;;;;;;;;;;x;
CRISIS_BACK_DOWN_OTHER_DECLINE_4;$ACTOR$;$ACTOR$.;$ACTOR$;;$ACTOR$;;;;;;;;;x;
CRISIS_BACK_DOWN_OTHER_DECLINE_5;*;*;*;;*;;;;;;;;;x;
CRISIS_BACK_DOWN_OTHER_DECLINE_6;*;*;*;;*;;;;;;;;;x;
CRISIS_BACK_DOWN_OTHER_DECLINE_LOG;Держава $RECIPIENT$ отвергла предложение по урегулированию кризиса от державы $ACTOR$.;;$RECIPIENT$ hat das Angebot zur Beendigung eines Konflikts von $ACTOR$ abgelehnt.;;;;;;;;;;;x;
CRISIS_BACK_DOWN_OTHER_DECLINE_BTN1;Замечательно!;Parfait !;Gut!;;ЎBien!;;;;;;;;;x ;
CRISIS_BACK_DOWN_OTHER_DECLINE_BTN2;Замечательно!;Parfait !;Gut!;;ЎBien!;;;;;;;;;x;
CRISIS_BACK_DOWN_OTHER_DECLINE_BTN3;Перейти;Voir;Geht zu;;Ir allн;;;;;;;;;x;
CRISIS_BACK_DOWN_OTHER_DECLINE_MAP;;*;*;*;*;*;*;*;;;;;;x;
CRISIS_BACK_DOWN_DI;Предложить решение кризиса;;Angebot zur Beendigung eines Konflikts;;;;;;;;;;;x;
CRISIS_OFFER_DI;Предложить присоединиться к одной из сторон;;Angebot, einer Seite in einem Konflikt beizutreten;;;;;;;;;;;x;
CRISIS_BACK_DOWNTITLE;Кризис;;Konflikt;;;;;;;;;;;x;
OFFER_CRISIS_PEACE;Предложение уступок;;Zugestдndnisse anbieten;;;;;;;;;;;x;
DEMAND_CRISIS_PEACE;Требование уступок;;Zugestдndnisse fordern;;;;;;;;;;;x;
COLONIAL_POINTS;Колониальная мощь;;Kolonialmacht;;;;;;;;;;;x;
COLONIAL_POINTS_TECH;Очки колониальной мощи;;Kolonialmacht-Wertung;;;;;;;;;;;x;
CRISIS_TITLE_COUNTRY;$COUNTRY_ADJ$ кризис;;$COUNTRY_ADJ$ Konflikt;;;;;;;;;;;x;
CRISIS_DESCRIPTION_INFLUENCE;Борьба за контроль в державе $COUNTRY$;;Der Kampf um die Kontrolle in $COUNTRY$;;;;;;;;;;;x;
NAVAL_SORT_LABEL;Сортировать по:;;Sortieren nach:;;;;;;;;;;;x;
NAVAL_SORT_TYPE;Тип;;Typ;;;;;;;;;;;x;
NAVAL_SORT_STANCE;Позиция;;Haltung;;;;;;;;;;;x;
NAVAL_SORT_STR_ORG;Организация;;Stдrke/Org.;;;;;;;;;;;x;
battleship;Линкор;;Kampfschiff;;;;;;;;;;;x;
UNCOLONIZED_WITHDRAW;Отступить;;Zurьckziehen;;;;;;;;;;;x;
UNCOLONIZED_INVEST_LVL1;Экспедиция;;Expedition;;;;;;;;;;;x;
UNCOLONIZED_INVEST_LVL2;Колонисты;;Kolonisten;;;;;;;;;;;x;
UNCOLONIZED_INVEST_LVL3;Застава;;AuЯenposten;;;;;;;;;;;x;
UNCOLONIZED_INVEST_LVL4;Поселение;;Siedlung;;;;;;;;;;;x;
UNCOLONIZED_INVEST_LVL5;Форт;;Wachposten;;;;;;;;;;;x;
UNCOLONIZED_DO_INVEST_LVL1;Отправить экспедицию;;Expedition senden;;;;;;;;;;;x;
UNCOLONIZED_DO_INVEST_LVL2;Отправить экспедицию;;Kolonisten senden;;;;;;;;;;;x;
UNCOLONIZED_DO_INVEST_LVL3;Построить заставу;;AuЯenposten bauen;;;;;;;;;;;x;
UNCOLONIZED_DO_INVEST_LVL4;Построить поселение;;Siedlung bauen;;;;;;;;;;;x;
UNCOLONIZED_DO_INVEST_LVL5;Укрепить форт;;Wachposten verstдrken;;;;;;;;;;;x;
#TENSION_DECAY;Спад: §Y$VAL$§!;;Zerfall: §Y$VAL$§!;;;;;;;;;;;x;
CB_TENSION;Повод для войны: §Y$VAL$§!;Casus Belli: §Y$VAL$§!;Kriegsrechtfertigung: §Y$VAL$§!;;;;;;;;;;;x;
TENSION_FROM_ACTIVE_CRISIS;Активный кризис: §Y$VAL$§!;;Aktive Konflikte: §Y$VAL$§!;;;;;;;;;;;x;
AT_WAR_TENSION_DECAY;$COUNTRY$ находится в состоянии войны: §Y$VAL$§;;$COUNTRY$ befindet sich im Krieg: §Y$VAL$§;;;;;;;;;;;x;
TRIGGER_FLASHPOINT_TAG;Точка кипения;;Unruheherd-Angreifer;;;;;;;;;;;x;
CRISIS_NO_SIDE_PICKED_SETUP;Если нам удалось не поддержать ни одну из сторон кризиса;;Wenn wir es vermieden haben, eine der Seiten in einem Konflikt zu unterstьtzen;;;;;;;;;;;x;
CRISIS_NO_SIDE_PICKED_HEADER;*;*;*;;*;;;;;;;;;x;
CRISIS_NO_SIDE_PICKED_1;Нерешительная дипломатия;*;Diplomatische Unentschlossenheit;;*;;;;;;;;;x;
CRISIS_NO_SIDE_PICKED_2;Из-за нашего бездействия;*;Aufgrund unseres Unvermцgens zu handeln,;;*;;;;;;;;;x;
CRISIS_NO_SIDE_PICKED_3;наш престиж падает на §R$PENALTY$§!.;*;wird unser Prestige um §R$PENALTY$§! reduziert.;;*;;;;;;;;;x;
CRISIS_NO_SIDE_PICKED_4;В будущем мы должны принимать чью-то сторону или появится риск международной изоляции.;*;In Zukunft mьssen wir in der internationalen Politik Stellung beziehen oder wir riskieren es, ignoriert zu werden.;;*;;;;;;;;;x;
CRISIS_NO_SIDE_PICKED_5;*;*;*;;*;;;;;;;;;x;
CRISIS_NO_SIDE_PICKED_6;*;*;*;;*;;;;;;;;;x;
CRISIS_NO_SIDE_PICKED_LOG;Мы не можем ничего делать до окончания кризиса;;Wir haben es verpasst zu handeln, bevor der aktuelle Konflikt ihren Abschluss fand;;;;;;;;;;;x;
CRISIS_NO_SIDE_PICKED_BTN1;Ладно.;OK;Ok;;Aceptar;;;;;;;;;x;
CRISIS_STARTED_SETUP;Международный кризис начался;;Ein internationaler Konflikt hat begonnen;;;;;;;;;;;x;
CRISIS_STARTED_HEADER;$MESSENGER$;$MESSENGER$;$MESSENGER$;;$MESSENGER$;;;;;;;;;x;
CRISIS_STARTED_1;Международный кризис;*;Internationaler Konflikt;;*;;;;;;;;;x;
CRISIS_STARTED_2;Дипломатическая напряженность вызвала международный кризис;*;Diplomatische Spannungen fьhrten zu einem internationalen Konflikt in;;*;;;;;;;;;x;
CRISIS_STARTED_3;$CRISISTARGET$;;$CRISISTARGET$;;;;;;;;;;;x;
CRISIS_STARTED_4;Никакого беспокойства, проблема будет решена цивилизованным путем.;;Wir bezweifeln nicht, das dies in zivilisierter Weise beendet wird.;;;;;;;;;;;x;
CRISIS_STARTED_5;*;*;*;;*;;;;;;;;;x;
CRISIS_STARTED_6;*;*;*;;*;;;;;;;;;x;
CRISIS_STARTED_LOG;Новый кризис начался…;;Ein neuer Konflikt hat begonnen;;;;;;;;;;;x;
CRISIS_STARTED_BTN1;Ладно.;OK;Ok;;Aceptar;;;;;;;;;x;
CRISIS_BECAME_WAR_SETUP;Кризис перерос в войну.;;Ein Konflikt ist in einen Krieg ausgeartet;;;;;;;;;;;x;
CRISIS_BECAME_WAR_HEADER;$MESSENGER$;$MESSENGER$;$MESSENGER$;;$MESSENGER$;;;;;;;;;x;
CRISIS_BECAME_WAR_1;Международный кризис;*;Internationaler Konflikt;;*;;;;;;;;;x;
CRISIS_BECAME_WAR_2;Дипломатические переговоры по урегулированию кризиса неудались.;*;Die diplomatischen Verhandlungen im aktuellen Konflikt sind fehlgeschlagen.;;*;;;;;;;;;x;
CRISIS_BECAME_WAR_3;На поле боя мы решим, кто же прав.;*;Das Schlachtfeld wird wohl entscheiden wer Recht hat.;;*;;;;;;;;;x;
CRISIS_BECAME_WAR_4;*;*;*;;*;;;;;;;;;x;
CRISIS_BECAME_WAR_5;*;*;*;;*;;;;;;;;;x;
CRISIS_BECAME_WAR_6;*;*;*;;*;;;;;;;;;x;
CRISIS_BECAME_WAR_LOG;Кризис перерос в войну.;;Ein Konflikt ist in einen Krieg ausgeartet.;;;;;;;;;;;x;
CRISIS_BECAME_WAR_BTN1;Ладно.;OK;Ok;;Aceptar;;;;;;;;;x;
IS_IN_CRISIS;Втянуты в кризис;;ist in einen Konflikt verwickelt.;;;;;;;;;;;x;
IS_NOT_IN_CRISIS;Не втянуты в кризис;;ist nicht in einen Konflikt verwickelt.;;;;;;;;;;;x;
BACK_CRISIS_DI;Предложить поддержку страны в кризисе.;;Angebot zur Unterstьtzung eines in einem Konflikt befindlichen Landes;;;;;;;;;;;x;
CRISIS_NOBODY_BACKED_SETUP;Если никто не поддержал кризис.;;Wenn niemand in einem Konflikt Unterstьtzung anbietet;;;;;;;;;;;x;
CRISIS_NOBODY_BACKED_HEADER;$MESSENGER$;$MESSENGER$;$MESSENGER$;;$MESSENGER$;;;;;;;;;x;
CRISIS_NOBODY_BACKED_1;Предотвращение кризиса;*;Konflikt vorerst abgewendet;;*;;;;;;;;;x;
CRISIS_NOBODY_BACKED_2;Кризис для;;Der Konflikt in;;;;;;;;;;;x;
CRISIS_NOBODY_BACKED_3;§Y$CRISISTARGET$§!;*;§Y$CRISISTARGET$§!;;*;;;;;;;;;x;
CRISIS_NOBODY_BACKED_4;провалился из-за международной апатии.;;hat zu diesem Zeitpunkt kein internationales Interesse hervorgerufen.;;;;;;;;;;;x;
CRISIS_NOBODY_BACKED_5;*;*;*;;*;;;;;;;;;x;
CRISIS_NOBODY_BACKED_6;*;*;*;;*;;;;;;;;;x;
CRISIS_NOBODY_BACKED_LOG;Никто не поддержал кризис;;Niemand hat den aktuellen Konflikt unterstьtzt;;;;;;;;;;;x;
CRISIS_NOBODY_BACKED_BTN1;Ладно.;OK;Ok;;Aceptar;;;;;;;;;x;
BP_TOOL_ICON_INFANTRY;Иконка пехоты;;Infanterie-Symbol;;;;;;;;;;;x;
BP_TOOL_ICON_COMBAT;Иконка битвы;;Kampf-Symbol;;;;;;;;;;;x;
BP_TOOL_ICON_CAVALRY;Иконка кавалерии;;Kavallerie-Symbol;;;;;;;;;;;x;
BP_TOOL_ICON_ARTILLERY;Иконка артиллерии;;Artillerie-Symbol;;;;;;;;;;;x;
BP_TOOL_ICON_NAVAL;Иконка морского боя;;Marinestьtzpunkt-Symbol;;;;;;;;;;;x;
BP_TOOL_ICON_INVASION;Иконка вторжения;;Invasion-Symbol;;;;;;;;;;;x;
BP_TOOL_ICON_WOODEN_SHIP;Иконка корабля;;Schiff-Symbol;;;;;;;;;;;x;
BP_TOOL_ICON_IRONCLAD;Иконка броненосца;;Panzerschiff-Symbol;;;;;;;;;;;x;
BP_TOOL_ICON_INDUSTRY;Иконка промышленности;;Industrie-Symbol;;;;;;;;;;;x;
BP_TOOL_ICON_COLONY;Иконка колонии;;Kolonie-Symbol;;;;;;;;;;;x;
BP_TOOL_ICON_WARGOAL_1;Инонка цели войны;;Kriegsziel-Symbol;;;;;;;;;;;x;
BP_TOOL_ICON_WARGOAL_2;Инонка цели войны;;Kriegsziel-Symbol;;;;;;;;;;;x;
TAKE_SIDE_PENALTY;Штраф к престижу за отказ принимать сторону: §R$VAL$§!;;Malus auf Prestige, da keine Seite gewдhlt wurde: §R$VAL$§!;;;;;;;;;;;x;
NO_CALL_ALLY_CRISIS;Нельзя призывать союзников: активированы Кризисные войны до Великих войн;;Kann keine Verbьndeten zu einem Konfliktkrieg rufen, bevor GroЯe Kriege nicht aktiviert wurden;;;;;;;;;;;x;
PRODUCTION_BONUS;$BON$ бонус от:;;$BON$ Bonus von:;;;;;;;;x;;;x;
