AI_FEARS_US_TITLE1;Держава $TAG_0_0_UPPER$ опасается нашей мощи!;;$TAG_0_0_upper$ FЬRCHTET UNSERE MACHT!;;;;;;;;x;;;
AI_FEARS_US_DESC1_LONG;От нашего корреспондента в державе $TAG_0_0$ поступают интересные слухи. Неназванный источник сообщает о встречах высшего офицерского состава в столице. Главной темой этих совещиний был возможный вариант объявления войны и вторжения наших войск. Обсуждалась возможная контратака и даже партизанская война. Видимо верховное командование $TAG_0_0_ADJ$ армии готовится к худшему. Кажется они боятся нас!;;Gerьchte erreichen unseren Korrespondenten in $TAG_0_0$. Eine anonyme Quelle bestдtigt, dass in den letzten Monaten mehrere Treffen mit hochrangigen Militдroffizieren in ihrer Hauptstadt stattfanden. Das Hauptthema dieser Treffen drehte sich um ein fiktionales Szenario der Kriegserklдrung und einer Invasion durch unser Militдr. Es wurden mцgliche Gegenangriffe und sogar Guerillakдmpfe diskutiert. Scheinbar bereitet sich die $TAG_0_0_ADJ$e Armee auf das Schlimmste vor. Sie scheinen Angst vor uns zu haben!;;;;;;;;x;;;
AI_FEARS_US_DESC1_MEDIUM;Неназванный источник в державе $TAG_0_0$ сообщает о том, что их правительство готовится к худшему. Они обдумывают возможность нашего нападения и от этого в их жилах стынет кровь!;;Eine anonyme Quelle in $TAG_0_0$ meldet, dass sich die dortige Regierung auf das Schlimmste vorbereitet. Ein fiktionales Szenario einer Kriegserklдrung durch unser Land wird fьr mцglich gehalten, und ihre hochrangigen Militдroffiziere fьrchten unsere militдrische Stдrke!;;;;;;;;x;;;
AI_FEARS_US_DESC1_SHORT;Поступают доклады о положении дел в державе $TAG_0_0$. В их столице прошло несколько совещаний военного руководства и они всерьез обсуждали возможность нашего вторжения!;;Eine anonyme Quelle in $TAG_0_0$ berichtet von einer Reihe von militдrischen Treffen in ihrer Hauptstadt. Wie es scheint, halten sie eine Invasion durch unsere Truppen durchaus fьr mцglich!;;;;;;;;x;;;
AI_FEARS_US_TITLE2;Держава $TAG_0_0$ опасается вторжения!;;$TAG_0_0$ fьrchtet unseren Einmarsch!;;;;;;;;x;;;
AI_FEARS_US_DESC2_LONG;Недавняя статья $TAG_0_0_ADJ$ газеты поразила их нацию! Анализ ухудшающихся отношений и сравнение военного потенциала наших держав привели редактора к мысли о возможности скорой войны, и если это произойдет, то существование державы $TAG_0_0$ окажется под угрозой. Элита и простой народ державы $TAG_0_0$ требуют от правительства заключить выгодный союз для противостояния внешней угрозе.;;Ein kьrzlicher Beitrag in der $TAG_0_0_ADJ$en Zeitung brachte ihre Nation in Aufruhr! Eine ausfьhrliche Analyse der frostigen Beziehungen zwischen unseren Lдndern mit einem Vergleich unserer militдrischen Stдrken brachte den Herausgeber zu dem Schluss, dass unsere Lдnder sich bald im Kriegszustand befinden kцnnten. Sollte dieser Tag kommen, wдre die Existenz $TAG_0_0$s angeblich gefдhrdet. Alle Bьrger von $TAG_0_0$, Adel wie auch Bьrgerliche, fordern ihre Regierung auf, ein Bьndnis mit einer GroЯmacht einzugehen, um die Bedrohung, die wir darstellen, einzudдmmen.;;;;;;;;x;;;
AI_FEARS_US_DESC2_MEDIUM;Недавняя статья $TAG_0_0_ADJ$ газеты поразила их нацию! Анализ ухудшающихся отношений наших держав привели редактора к мысли о возможности скорой войны между нашими державами , если не будут достигнуты необходимые договоренности.;;Ein kьrzlicher Beitrag in der $TAG_0_0_ADJ$en Zeitung brachte ihre Nation in Aufruhr! Eine ausfьhrliche Analyse der frostigen Beziehungen zwischen unseren Lдndern brachte den Herausgeber zu dem Schluss, dass unsere Lдnder sich bald im Kriegszustand befinden kцnnten.;;;;;;;;x;;;
AI_FEARS_US_DESC2_SHORT;Недавняя статья $TAG_0_0_ADJ$ газеты поразила их нацию! Анализ ухудшающихся отношений и сравнение военного потенциала наших держав привели редактора к мысли о возможности скорой войны между нашими державами.;;Ein Beitrag in der $TAG_0_0_ADJ$en Zeitung brachte die Nation ihre Aufruhr! Die Analyse frostiger Beziehungen zw. unseren Lдndern brachte sie zu dem Schluss, dass ein Krieg unausweichlich sei.;;;;;;;;x;;;
AI_FEARS_US_TITLE3;Держава $TAG_0_0$ оскорбила нас!;;$TAG_0_0_ADJ$e Beleidigungen!;;;;;;;;x;;;
AI_FEARS_US_DESC3_LONG;"Предрассудки и ненависть заправляют в державе $TAG_0_0$. В понедельник они перешли все границы. $TAG_0_0_ADJ$ министр иностранных дел ударил нашего посла во дворе нашего же посольства в державе $TAG_0_0$! Наш представитель так это прокомментировал:Это еще одно доказательство варварства с их стороны, которых итак предостаточно. Дикари и хамы правят в державе $TAG_0_0$, и чем скорее мы избавимся от них, тем лучше". Дипломатические отношения еще поддерживаются, но война неизбежна.";;Vorurteile und Hass herrschen in $TAG_0_0$. Die Beleidigungen fanden am Montag einen neuen Tiefpunkt, als der $TAG_0_0_ADJ$e AuЯenminister unseren Botschafter auf dem Rasen unserer Botschaft in $TAG_0_0$ ohrfeigte. Auf Anfrage sagte unser AuЯenminister, dass dies 'weitere Beweise sind, falls wir noch welche brauchten, dass man von ihnen kein zivilisiertes Verhalten erwarten kann. Wilde und Proleten herrschen in $TAG_0_0$ und je eher wir sie ausmerzen, desto besser.' Diplomatische Kontakte werden weiterhin aufrechterhalten, doch Krieg scheint unvermeidbar.;;;;;;;;x;;;
AI_FEARS_US_DESC3_MEDIUM;Предрассудки и ненависть властвуют в держве $TAG_0_0$. В понедельник $TAG_0_0_ADJ$ министр иностранных дел ударил нашего посла. Наш министр ответил, что дикари и хамы правят в державе $TAG_0_0$, и чем раньше они исчезнут, тем лучше.;;Vorurteile und Hass herrschen in $TAG_0_0$ vor. Am Montag gab der $TAG_0_0_ADJ$e AuЯenminister unserem Botschafter eine Ohrfeige. Unser AuЯenminister sagt, dass 'Wilde und Proleten in $TAG_0_0$ regieren, je eher wir sie ausmerzen, desto besser.';;;;;;;;x;;;
AI_FEARS_US_DESC3_SHORT;В понедельник $TAG_0_0_ADJ$ министр иностранных дел ударил нашего посла. Дикари и хамы правят державой $TAG_0_0$, и чем раньше мы уничтожим их, тем лучше.;;Am Montag gab der $TAG_0_0_ADJ$e AuЯenminister unserem Botschafter eine Ohrfeige. Wilde und Schurken regieren in $TAG_0_0$ und je eher wir sie ausmerzen, desto besser.;;;;;;;;x;;;
AI_FEARS_OTHER_TITLE1;Опасения державы $TAG_0_0$;;Angst in $TAG_0_0$;;;;;;;;x;;;
AI_FEARS_OTHER_DESC1_LONG;Недавняя статья в $TAG_0_0_ADJ$ газете поразила их нацию! Анализ ухудшающихся отношений с державой $TAG_0_1$ и сравнение военного потенциала двух держав привели редактора к мысли о возможности скорой войны, и если это произойдет, то существование державы $TAG_0_0$ окажется под угрозой. Элита и простой народ державы $TAG_0_0$ требуют от правительства заключить выгодный союз для противостояния угрозе со стороны державы $TAG_0_1_ADJ$.;;Ein Beitrag in einer $TAG_0_0_ADJ$en Zeitung beunruhigte ihre Nation! Eine ausfьhrliche Analyse der frostigen Beziehungen mit $TAG_0_1$ und ein Vergleich der militдrischen Stдrken brachte den Herausgeber zu dem Schluss, dass beide Lдnder sich bald im Kriegszustand befinden kцnnten. Sollte dieser Tag kommen, wдre die Existenz $TAG_0_0$s gefдhrdet. Alle Bьrger von $TAG_0_0$, Adel wie auch Bьrgerliche, fordern ihre Regierung auf, Bьndnisse einzugehen, um die $TAG_0_1_ADJ$e Bedrohung einzudдmmen.;;;;;;;;x;;;
AI_FEARS_OTHER_DESC1_MEDIUM;Недавняя статья $TAG_0_0_ADJ$ газеты поразила их нацию! Анализ ухудшающихся отношений с державой $TAG_0_1$ привели редактора к мысли о возможности скорой войны между этими державами, если не будут достигнуты необходимые договоренности.  ;;Ein Beitrag in einer $TAG_0_0_ADJ$en Zeitung beunruhigte ihre Nation! Eine ausfьhrliche Analyse der frostigen Beziehungen mit $TAG_0_1$ brachte den Herausgeber zu dem Schluss, dass beide Lдnder sich bald im Kriegszustand befinden kцnnten.;;;;;;;;x;;;
AI_FEARS_OTHER_DESC1_SHORT;Недавняя статья $TAG_0_0_ADJ$ газеты поразила их нацию! Анализ ухудшающихся отношений с державой $TAG_0_1$ привели редактора к мысли о возможности скорой войны между этими державами.  ;;Ein Beitrag in einer $TAG_0_0_ADJ$en Zeitung beunruhigte ihre Nation! Eine ausfьhrliche Analyse der frostigen Beziehungen mit $TAG_0_1$ deutet an, dass ein Krieg unvermeidlich sein kцnnte.;;;;;;;;x;;;
AI_FEARS_OTHER_TITLE2;$TAG_0_0_ADJ$ опасения;;Die $TAG_0_0_ADJ$e Angst;;;;;;;;x;;;
AI_FEARS_OTHER_DESC2_LONG;По нашим сведениям в $TAG_0_0_ADJ$ правительстве, все больше распространяются глубокий страх и отчаяние. Многие предрекают, что их конфликт с державой $TAG_0_1$ вызовет полномасштабное военное столкновение, которое держава $TAG_0_0$ вполне может проиграть. По слухам, они всерьез рассматривают возможность военного конфликта и уже начали к нему подготовку. Страх распространяется и на население страны, которое ожидает разгромного поражения.;;Laut Meldungen aus dem Fьhrungszirkel der $TAG_0_0_ADJ$en Regierung, ьberwiegt in Regierungskreisen eine Stimmung der Sorge und Angst. Viele befьrchten, dass die Rivalitдten mit $TAG_0_1$ einen internationalen Konflikt auslцsen kцnnten, den $TAG_0_0$ sehr wohl verlieren kцnnte. Gerьchten zufolge wird die Mцglichkeit des Krieges vor ihrer Tьr erwogen und es werden entsprechende Vorbereitungen getroffen. Angst breitet sich auch in der Bevцlkerung aus, die mit dem Schlimmsten rechnet: einer grausamen Niederlage.;;;;;;;;x;;;
AI_FEARS_OTHER_DESC2_MEDIUM;Настроения среди $TAG_0_0_ADJ$ официальных лиц можно описать одним словом - страх.  Это связано с действиями державы $TAG_0_1$. Они стараются быть как можно более осторожными, так как война скорее всего приведет к поражению державы $TAG_0_0$.;;Die Stimmung unter $TAG_0_0_ADJ$en Offiziellen ist angesichts der Aktionen von $TAG_0_1$ von Angst und Sorge geprдgt. Viele befьrchten einen mцglichen Krieg zwischen beiden Lдndern, der mit der grausamen Niederlage von $TAG_0_0$ enden kцnnte.;;;;;;;;x;;;
AI_FEARS_OTHER_DESC2_SHORT;По сообщениям местной прессы, кажется что $TAG_0_0_ADJ$ население и правительствоare опасаются военной мощи державы $TAG_0_1$. Подробнее на стр. 4.;;Lokale Pressestimmen melden die weitverbreitete Angst der $TAG_0_0_ADJ$en Bevцlkerung und Regierung vor der militдrischen Stдrke von $TAG_0_1$. Mehr dazu auf Seite 4.;;;;;;;;x;;;
AI_LOVES_US_TITLE1;$TAG_0_0$: Наш лучший друг;;$TAG_0_0$: Unser bester Freund;;;;;;;;x;;;
AI_LOVES_US_DESC1_LONG;"Есть ли у вас среди $TAG_0_0_ADJ$ граждан лучшие друзья? Возможно. Вроде бы все идет к тому, что наши страны не будут сражаться, а будут дружить! Многие дипломаты и послы в столице высказались в поддержку союза наших великих народов. Неудивительно, что мы решили поддержать друг друга, когда все вокруг грызутся как собаки, друзья познаются в беде!"- заявил наш дипломат в интервью.";;Sehen Sie $TAG_0_0_ADJ$e Bьrger als Ihre besten Freunde an? Vielleicht. Scheinbar sehen diese uns jedoch als Ziel, doch nicht als Kriegsziel, sondern als Verbьndete! Diplomaten und Abgesandte beschwцren in unserer Hauptstadt ein Bьndnis unserer beiden GroЯmдchte herauf, falls ein Krieg ausbrechen sollte. 'In diesen schweren Zeiten ist es unsere Pflicht, uns gegenseitig zu unterstьtzen. Wenn sich alle um einen herum gegenseitig an die Kehle wollen, sind Freunde unerlдsslich.' sagte ein Diplomat in einem Interview.;;;;;;;;x;;;
AI_LOVES_US_DESC1_MEDIUM;$TAG_0_0_ADJ$ дипломаты прибыли в столицу, чтобы поддержать союз между нашими державами. Отношения между странами превосходные и теперь мы будем оказывать друг другу военную поддержку.;;$TAG_0_0_ADJ$e Diplomaten betonen in unserer Hauptstadt ihren Wunsch eines Bьndnisses unserer beiden GrцЯmдchte. Regierungskreise bezeichnen die Beziehungen als hervorragend, was bald zu einer gegenseitigen Verpflichtung zur militдrischen Unterstьtzung fьhren kцnnte.;;;;;;;;x;;;
AI_LOVES_US_DESC1_SHORT;Отношения между нами и $TAG_0_0_ADJ$ правительством высоки как никогда. Политики считают нас потенциальными союзниками в мире и войне.;;Die Beziehungen zwischen der $TAG_0_0_ADJ$ Regierung und uns kцnnten besser nicht sein. Laut politischen Analysten sehen sie uns als mцglichen Verbьndeten und Freund im Krieg und Frieden.;;;;;;;;x;;;
AI_LOVES_US_TITLE2;Держава $TAG_0_0$ вместе с нами!;;$TAG_0_0$ steht an unserer Seite!;;;;;;;;x;;;
AI_LOVES_US_DESC2_LONG;Статья в $TAG_0_0_ADJ$ газете обрисовывает замечательные отношения между нашими странами. Многочиссленные примеры мирного сотрудничества, основанного на добре и дружбе, показывают наши страны как друзей и братьев. Используя такие слова как 'заслуживают доверия', 'надежные' и 'стойкие' для описания отношений, газета призывает правительство державы $TAG_0_0$ продолжать сотрудничество для достижения общих интересов и целей, а также укреплять взаимные гарантии и договоры.;;Ein Beitrag in einer $TAG_0_0_ADJ$en Zeitung zeichnet ein Bild der freundschaftlichen Beziehungen zwischen unseren Lдndern. Unter Aufzдhlung mehrerer Beispiele friedlicher, auf Vertrauen und Freundschaft basierender Kooperation, sieht der Herausgeber uns als Freunde und Brьder. Mit Worten wie 'vertrauenswьrdig', 'zuverlдssig' und 'standhaft' umschreibt die Zeitung unsere Beziehungen und ruft die Regierung von $TAG_0_0$ dazu auf, diese weiter auszubauen, um gemeinsame Interessen und Ziele zu verfolgen und den gegenseitigen Rьckhalt zu stдrken.;;;;;;;;x;;;
AI_LOVES_US_DESC2_MEDIUM;Статья в $TAG_0_0_ADJ$ газете обрисовывает замечательные отношения между нашими странами. Многочиссленные примеры мирного сотрудничества, основанного на добре и дружбе, показывают наши страны как друзей и братьев.;;Ein Beitrag in einer $TAG_0_0_ADJ$en Zeitung zeichnet ein Bild der freundschaftlichen Beziehungen zwischen unseren Lдndern. Unter Aufzдhlung mehrerer Beispiele friedlicher, auf Vertrauen und Freundschaft basierender Kooperation, sieht der Herausgeber uns als Freunde und Brьder.;;;;;;;;x;;;
AI_LOVES_US_DESC2_SHORT;Статья в $TAG_0_0_ADJ$ газете обрисовывает замечательные отношения между нашими странами. Редактор призывает своё правительство продолжать тот же курс.;;Ein Beitrag in einer $TAG_0_0_ADJ$en Zeitung zeichnet ein Bild der freundschaftlichen Beziehungen zwischen unseren Lдndern. Herausgeber ruft ihre Regierung dazu auf, diese weiter auszubauen.;;;;;;;;x;;;
AI_LOVES_US_TITLE3;Держава $TAG_0_0$ знает своё место!;;$TAG_0_0$ nicht ьbermьtig!;;;;;;;;x;;;
AI_LOVES_US_DESC3_LONG;"Правительство и народ державы $TAG_0_0$ продолжают слепо восхищаться всем $OURCOUNTRY_ADJ$. Наше явное превосходство в политической, военной и культурной сферах с легкостью признано этими недотепами. $TAG_0_0_ADJ$ министр иностранных дел явился к нам с позорной попыткой втереться в доверие к нашей власти, он сказал: "Мы приветствуем ваше мудрое покровительство, и надеемся на длительное сотрудничество наших стран, которое обязательно приведет к взаимной выгоде".  Что за этим последует, мы узнаем позже.;;"Gesunder Menschenverstand herrscht in $TAG_0_0$, wo Regierung und Bevцlkerung alles $OURCOUNTRY_ADJ$e hoch schдtzen. Diese wehleidigen Schufte erkennen nur allzu gerne unsere offensichtliche Ьberlegenheit in allen politischen, militдrischen und kulturellen Belangen an. Auf schamlose Weise biedert sich der $TAG_0_0_ADJ$e AuЯenminister unseren Eliten an und sagt Wir begrьЯen die vдterliche und wegweisende $OURCOUNTRY_ADJ$e Hand. Mцge die Freundschaft unserer Lдnder ewig zum gegenseitigen Vorteil wдhren." Es bleibt abzuwarten, ob dies der Fall sein wird.";;;;;;;;;;;
AI_LOVES_US_DESC3_MEDIUM;Правительство и народ державы $TAG_0_0$ продолжают слепо восхищаться всем $OURCOUNTRY_ADJ$. Наше явное превосходство в политической, военной и культурной сферах с легкостью признано этими недотепами.;;Gesunder Menschenverstand herrscht in der $TAG_0_0_ADJ$en Hauptstadt, wo Regierung und Bevцlkerung alles $OURCOUNTRY_ADJ$e hoch schдtzen. Diese Schufte erkennen nur allzu gern unsere offensichtliche Ьberlegenheit in allen politischen, militдrischen und kulturellen Belangen an.;;;;;;;;x;;;
AI_LOVES_US_DESC3_SHORT;$Правительство и народ  продолжают восхищаться $OURCOUNTRY$ . Они охотно признали наше очевидное превосходство во всех сферах.;;$TAG_0_0_ADJ$e Regierung und Bevцlkerung schдtzen weiterhin alles $OURCOUNTRY_ADJ$e sehr. Nur allzu gern erkennen sie unsere offensichtliche Ьberlegenheit in allen Belangen an.;;;;;;;;x;;;
AI_LOVES_OTHER_TITLE1;$TAG_0_0_ADJ$ отношения;;$TAG_0_0$s Beziehungen;;;;;;;;x;;;
AI_LOVES_OTHER_DESC1_LONG;Статья в $TAG_0_0_ADJ$ газете рисует картину добродушных отношений с державой $TAG_0_1 $. Благодаря многочисленным примерам мирного сотрудничества, основанного на доверии и дружбе, редактор газеты призвал обе нации оставаться друзьями и братьями. Используя такие слова, как "надежные", "непоколебимые" и "прочные", $TAG_0_0_ADJ$ газета призвала свое правительство продолжать равняться на политику державы $TAG_0_1$ для реализации общих интересов и укрепления взаимного доверия.;;Ein Beitrag in einer $TAG_0_0_ADJ$en Zeitung zeichnet ein Bild der freundschaftlichen Beziehungen mit $TAG_0_1$. Unter Aufzдhlung mehrerer Beispiele friedlicher, auf Vertrauen und Freundschaft basierender Kooperation, sieht der Herausgeber beide Nationen als Freunde und Brьder. Mit Worten wie 'vertrauenswьrdig', 'zuverlдssig' und 'standhaft' umschreibt die Zeitung die Beziehungen und ruft die Regierung von $TAG_0_0$ dazu auf, diese weiter mit $TAG_0_1$ auszubauen, um gemeinsame Interessen zu verfolgen und den gegenseitigen Rьckhalt zu stдrken.;;;;;;;;x;;;
AI_LOVES_OTHER_DESC1_MEDIUM;Статья в $TAG_0_0_ADJ$ газете рисует картину добродушных отношений с державой $TAG_0_1$. Благодаря многочисленным примерам мирного сотрудничества, основанного на доверии и дружбе, редактор газеты призвал обе нации оставаться друзьями и братьями.;;Ein Beitrag in einer $TAG_0_0_ADJ$en Zeitung zeichnet ein Bild der freundschaftlichen Beziehungen mit $TAG_0_1$. Unter Aufzдhlung mehrerer Beispiele friedlicher Kooperation, sieht der Herausgeber beide Nationen als Freunde und Brьder.;;;;;;;;x;;;
AI_LOVES_OTHER_DESC1_SHORT;Статья в $TAG_0_0_ADJ$ газете рисует картину прекрасных отношений с державой $TAG_0_1$. Редактор газеты призвал к необходимости поддерживать союз с державой $TAG_0_1$.;;Ein Beitrag in einer $TAG_0_0_ADJ$en Zeitung zeichnet ein Bild der guten Beziehungen mit $TAG_0_1$. Der Herausgeber empfiehlt, den Bund mit $TAG_0_1$ aufrecht zu erhalten.;;;;;;;;x;;;
AI_LOVES_OTHER_TITLE2;$TAG_0_0_ADJ$-$TAG_0_1_ADJ$ взаимоотношения;;$TAG_0_0_ADJ$-$TAG_0_1_ADJ$e Beziehungen;;;;;;;;x;;;
AI_LOVES_OTHER_DESC2_LONG;Не смотря на то, что история порой приводила наши страны к разногласиям, сейчас всем ясно, что сама судьба решила свести нас вместе!"- сказал вчера представитель $TAG_0_0_ADJ$ правительства, ссылаясь на недавние меры по укреплению сотрудничества с державой $TAG_0_1$. Упразднение некоторых таможенных пошлин между обеими странами в прошлом году и частые визиты послов державы $TAG_0_0$, по всей видимости, демонстрируют, что гарантия дружбы и сотрудничества посредством военного союза действительно возможна.;;Mit Referenz auf die wachsende Kooperation mit $TAG_0_1$ sagte der Sprecher der $TAG_0_0_ADJ$en Regierung gestern in ihrer Hauptstadt, dass 'es klar ist, dass das Schicksal uns zusammengefьhrt hat, auch wenn es in der Geschichte beider Lдnder manchmal zu Streitigkeiten gekommen ist!'. Die Abschaffung einiger Zoll-Verpflichtungen zwischen beiden Lдndern im vergangenen Jahr und die zahlreichen Besuche des Botschafters von $TAG_0_0$ deuten an, dass eine Freundschaft im Rahmen eines militдrischen Bьndnisses durchaus mцglich ist.;;;;;;;;x;;;
AI_LOVES_OTHER_DESC2_MEDIUM;Улыбающиеся $TAG_0_0_ADJ$ дипломаты были замечены вчера на саммите в $TAG_0_1_ADJ$ столице. "$TAG_0_1$ является нашим естественным союзником", упомянул один $TAG_0_0_ADJ$ официальный представитель. Политические аналитики предсказывают, что в ближайшее время может быть подписан пакт о союзе между этими странами.;;Lдchelnde $TAG_0_0_ADJ$e Diplomaten wurden gestern auf einem Gipfeltreffen in der $TAG_0_1_ADJ$en Hauptstadt gesichtet. '$TAG_0_1$ ist unser natьrlicher Verbьndeter', sagte ein $TAG_0_0_ADJ$er Offizieller. Politische Analysten sehen die Unterzeichnung eines Bьndnisabkommens voraus.;;;;;;;;x;;;
AI_LOVES_OTHER_DESC2_SHORT;"К процветанию в будущем вместе с $TAG_0_1_ADJ$ братьями!"- новый лозунг $TAG_0_0_ADJ$ правящей партии. Многие говорят, что это признак будущего военного союза.";;Die neueste Devise der fьhrenden $TAG_0_0_ADJ$en Partei lautet: 'Wohlstand fьr die Zukunft mit unseren $TAG_0_1_ADJ$en Brьdern!'. Viele sehen Anzeichen eines zukьnftigen Militдr-Bьndnisses.;;;;;;;;x;;;
OTHER_NEW_GP_TITLE1;Расцвет державы $TAG_0_1$;;Der Aufstieg von $TAG_0_1$;;;;;;;;x;;;
OTHER_NEW_GP_DESC_LONG1;Следом за упадком державы $TAG_0_0$, $TAG_0_1$ получает более высокое положение среди народов мира и поднимается на позицию одной из великих держав. За последние месяцы открылось множество доказательств бедственного положения $TAG_0_0_ADJ$ экономики, слабости их военных сил и постоянного падения международного престижа державы $TAG_0_0$ , так как их союзники не cмогли рассчитывать на $TAG_0_0_ADJ$ помощь а правительство стало предметом иностранных заговоров. Их падение из рядов ведущих мировых держав приходит на пользу стране $TAG_0_1$, увеличив ее престиж в глазах других стран, доказав, что природа не терпит пустоты.;;Mit dem Niedergang von $TAG_0_0$ nimmt $TAG_0_1$ eine hцhere Stellung unter den Nationen der Welt ein und wird zu einer der GroЯmдchte. Wir sahen in den letzten Monaten viele Beweise fьr $TAG_0_0$s Wirtschaftsprobleme, schwaches Militдr und schwindendes Prestige. Verbьndete konnten nicht mehr auf den Rьckhalt des Landes setzen und seine Regierung wurde zum Spielball auslдndischer Machenschaften. Sein Sturz aus den Rдngen der Wьrdigen begьnstigt $TAG_0_1$, stдrkt ihr globales Ansehen und beweist, dass die Natur kein Vakuum toleriert.;;;;;;;;x;;;
OTHER_NEW_GP_DESC_MEDIUM1;Следом за упадком державы $TAG_0_0$, $TAG_0_1$ получает более высокое положение среди народов мира и поднимается на позицию одной из великих держав, увеличив свой престиж в глазах других стран, доказав, что природа не терпит пустоты.;;Mit dem Niedergang von $TAG_0_0$ nimmt $TAG_0_1$ eine hцhere Stellung unter den Nationen der Welt ein und wird zu einer der GroЯmдchte, stдrkt ihr globales Ansehen und beweist, dass die Natur kein Vakuum toleriert.;;;;;;;;x;;;
OTHER_NEW_GP_DESC_SHORT1;Следом за упадком державы $TAG_0_0$, $TAG_0_1$ получает более высокое положение среди народов мира и поднимается на позицию одной из великих держав.;;Mit dem Niedergang von $TAG_0_0$ nimmt $TAG_0_1$ eine hцhere Stellung unter den Nationen der Welt ein und wird zu einer der GroЯmдchte.;;;;;;;;x;;;
WE_BECOME_GP_TITLE1;Мы извлекаем выгоду из упадка державы $TAG_0_0$.;;Wir profitieren von $TAG_0_0$s Niedergang;;;;;;;;x;;;
WE_BECOME_GP_DESC_LONG1;Следом за упадком державы $TAG_0_0$, мы занимаем законное положение среди народов мира, поднявшись на позицию одной из великих держав. За последние месяцы открылось множество доказательств бедственного положения $TAG_0_0_ADJ$ экономики, слабости их военных сил и постоянного падения международного престижа державы $TAG_0_0$ , так как их союзники не смогли рассчитывать на $TAG_0_0_ADJ$ помощь, а правительство стало предметом иностранных заговоров. Их падение из рядов ведущих мировых держав стало подарком для нас, теперь наше международное политическое и военное влияние заменит - их, доказав, что природа не терпит пустоты.;;Mit dem Niedergang von $TAG_0_0$ nehmen wir unsere rechtmдЯige Stellung unter den Nationen dieser Welt als eine der GroЯmдchte ein. Wir sahen in den letzten Monaten viele Beweise fьr $TAG_0_0$s Wirtschaftsprobleme, schwaches Militдr und schwindendes Prestige. Verbьndete konnten nicht mehr auf den Rьckhalt des Landes setzen und seine Regierung wurde zum Spielball auslдndischer Machenschaften. Ihr Sturz aus den Rдngen der Wьrdigen ermцglichte es uns, ihren globalen Einfluss und ihre Fьhrung durch unsere zu ersetzen und beweist, dass die Natur kein Vakuum toleriert.;;;;;;;;x;;;
WE_BECOME_GP_DESC_MEDIUM1;Следом за упадком державы $TAG_0_0$, мы занимаем законное положение среди народов мира, поднявшись на позицию одной из великих держав. Их падение из рядов ведущих мировых держав стало подарком для нас, теперь наше международное политическое и военное влияние заменит - их.;;Mit dem Niedergang von $TAG_0_0$ nehmen wir unsere rechtmдЯige Stellung unter den Nationen dieser Welt als eine der GroЯmдchte ein. Ihr Sturz aus den Rдngen der Wьrdigen ermцglichte es uns, ihren globalen Einfluss durch den unseren zu ersetzen.;;;;;;;;x;;;
WE_BECOME_GP_DESC_SHORT1;Следом за упадком державы $TAG_0_0$, мы занимаем законное положение среди народов мира, поднявшись на позицию одной из великих держав.;;Mit dem Niedergang von $TAG_0_0$ nehmen wir unsere rechtmдЯige Stellung unter den Nationen dieser Welt als eine der GroЯmдchte ein.;;;;;;;;x;;;
WE_LOSE_GP_TITLE1;$TAG_0_1$ получает выгоду от нашего падения;;$TAG_0_1$ profitiert von unserem Niedergang;;;;;;;;x;;;
WE_LOSE_GP_DESC_LONG1;Следом за упадком нашей державы, $TAG_0_1$ получает более высокое положение среди народов мира и поднимается на позицию одной из великих держав. За последние месяцы открылось множество доказательств бедственного положения нашей экономики, слабости военных сил и постоянное падение нашего международного престижа, так как наши союзники не могли на нас рассчитывать, а правительство стало предметом иностранных заговоров. Наше падение из рядов ведущих мировых держав приходит на пользу стране $TAG_0_1$, увеличивая ее престиж в глазах других стран, доказав, что природа не терпит пустоты.;;Dank unserem fortwдhrenden Niedergang nimmt $TAG_0_1$ eine hцhere Stellung unter den Nationen dieser Welt als eine der GroЯmдchte ein. Wir sahen in den letzten Monaten viele Beweise fьr unsere Wirtschaftsprobleme, unser schwaches Militдr und schwindendes Prestige. Verbьndete konnten nicht mehr auf unseren Rьckhalt setzen und unsere Regierung wurde zum Spielball auslдndischer Machenschaften. Unser Sturz aus den Rдngen der Wьrdigen ermцglichte es $TAG_0_1$, ihr globales Ansehen zu stдrken, und beweist, dass die Natur kein Vakuum toleriert.;;;;;;;;x;;;
WE_LOSE_GP_DESC_MEDIUM1;Следом за упадком нашей державы, $TAG_0_1$ получает более высокое положение среди народов мира и поднимается на позицию одной из великих держав, увеличивая свой престиж в глазах других стран, доказав, что природа не терпит пустоты.;;Dank unserem fortwдhrenden Niedergang nimmt $TAG_0_1$ eine hцhere Stellung unter den Nationen dieser Welt als eine der GroЯmдchte ein, stдrkt ihr globales Ansehen, und beweist, dass die Natur kein Vakuum toleriert.;;;;;;;;x;;;
WE_LOSE_GP_DESC_SHORT1;Следом за упадком нашей державы, $TAG_0_1$ получает более высокое положение среди народов мира и поднимается на позицию одной из великих держав.;;Dank unserem fortwдhrenden Niedergang nimmt $TAG_0_1$ eine hцhere Stellung unter den Nationen dieser Welt als eine der GroЯmдchte ein.;;;;;;;;x;;;
CRISIS_START_TITLE1;Развитие кризиса!;;Konflikt in Gang gesetzt!;;;;;;;;x;;;
CRISIS_START_DESC_LONG1;Так как великие мировые державы, зашли в тупик в жестокой борьбе, вызванной разгоревшимся мировым кризисом, никто сейчас не может сказать остается ли еще какая-нибудь надежда, на то, что вопрос будет решен мирным путем. Дипломатическое урегулирование конфликта по-прежнему возможно, но время быстро уходит, а участники конфликта сами задерживают его разрешение, «рисуя линии на песке» и «играя мышцами». Если они и дальше будут проводить политику, направленную истощение и принуждение противоборствующей стороны, с целью уменьшить или совсем избежать уступок, то, по всей видимости, вскоре они окажутся в состоянии ужасной войны.;;Niemand kann sagen, ob noch Hoffnung besteht, diese Angelegenheit friedlich zu lцsen, nun da die GroЯmдchte der Welt im Machtkampf des beginnenden, internationalen Konflikts Position beziehen. Ein diplomatisches Abkommen kцnnte noch machbar sein, doch die Zeit lдuft davon, und die aggressiven Teilnehmer verzцgern eine Lцsung mit Muskelspielen und Machtspielen in der Politik der Zermьrbung und machen Druck, um Zugestдndnisse zu verhindern. Sie kцnnten sich schon bald im gefьrchteten Kriegszustand wiederfinden.;;;;;;;;x;;;
CRISIS_START_DESC_MEDIUM1;Великие мировые державы зашли в тупик в борьбе за власть. Дипломатическое урегулирование конфликта по-прежнему возможно, но время быстро уходит, а участники конфликта сами задерживают его разрешение, «рисуя линии на песке» и «играя своими мышцами».;;Die GroЯmдchte der Welt beziehen in einem Machtkampf Position. Ein diplomatisches Abkommen kцnnte noch machbar sein, doch die Zeit lдuft davon, und die aggressiven Teilnehmer verzцgern eine Lцsung mit Muskelspielen und Machtspielen in der Politik.;;;;;;;;x;;;
CRISIS_START_DESC_SHORT1;Великие мировые державы зашли в тупик в борьбе за власть. Дипломатическое урегулирование вопроса по-прежнему возможно, но время быстро уходит.;;Die GroЯmдchte der Welt beziehen in einem Machtkampf Position. Ein diplomatisches Abkommen kцnnte noch machbar sein, doch die Zeit lдuft davon.;;;;;;;;x;;;
CRISIS_END_TITLE1;КРИЗИС ПРЕДОТВРАЩЕН!;;KONFLIKT VERHINDERT!;;;;;;;;x;;;
CRISIS_END_DESC_LONG1;"Мы подарили мир нашему поколению" - объявили великие державы после саммита, на котором было обговорено дипломатическое решение конфликта, который без компромисса мог привести к большой войне. "Мы заявляем, что наши народы не хотят воевать друг с другом" - таково было слово конкурирующих сторон. Но внимательные наблюдатели отмечают, что одна из стран все же воспринимается как победитель, другая же вынуждена жить с горьким послевкусием уступок и потери положения, это угрожает долговечности подписанного соглашения.";;Die GroЯmдchte verkьnden 'Frieden in unserer Zeit', nachdem sie in Gipfeltreffen eine diplomatische Lцsung im beginnenden internationalen Konflikt fanden, der nach Meinung vieler ohne Kompromisse zu einem Krieg gefьhrt hдtte. 'Wir erklдren, dass zwischen unseren Vцlkern keine Kriegsabsicht besteht', дuЯerten beide Seiten. Wachsame Beobachter deuten an, dass eine Seite durchaus als Sieger hervorging, wдhrend die andere bittere Zugestдndnisse und heftigen Prestigeverlust hinnehmen musste, was die Langlebigkeit des unterzeichneten Abkommens in Frage stellt.;;;;;;;;x;;;
CRISIS_END_DESC_MEDIUM1;"Мы подарили мир нашему поколению"- объявили великие державы после саммита, на котором было обговорено дипломатическое решение конфликта, который без компромисса мог привести к большой войне.";;Die GroЯmдchte verkьnden 'Frieden in unserer Zeit', nachdem sie in Gipfeltreffen eine diplomatische Lцsung im beginnenden internationalen Konflikt fanden, der nach Meinung vieler ohne Kompromisse zu einem Krieg gefьhrt hдtte.;;;;;;;;x;;;
CRISIS_END_DESC_SHORT1;"Мы подарили мир нашему поколению" - объявили великие державы после саммита, на котором было обговорено дипломатическое решение конфликта, который мог привести войне.";;Die GroЯmдchte verkьnden 'Frieden in unserer Zeit', nachdem sie in Gipfeltreffen eine diplomatische Lцsung im beginnenden internationalen Konflikt fanden und Krieg vermeideten.;;;;;;;;x;;;
RESEARCH_NEWS_TITLE_LARGE2;Крупное достижение в $TAG_0_0$!;;Erfolg in $TAG_0_0$!;;;;;;;;;x;;
RESEARCH_NEWS_LARGE2;$TAG_0_0_ADJ$ ученые вчера объявили, что после месяцев целенаправленных исследований новое открытие в области $STRING_0_1$ было сделано. Ожидается, что предприниматели и правительство $TAG_0_0$ в ближайшем времени приступят к применению на практике в интересах государства недавно приобретенных знаний.;;$TAG_0_0_ADJ$e Wissenschaftler verkьndeten gestern nach Monaten konzentrierter und engagierter Forschung einen bahnbrechenden Erfolg im $STRING_0_1$-Forschungsfeld. Es wird erwartet, dass Unternehmer und Regierung in $TAG_0_0$ schon bald die neuen Erkenntnisse gewinnbringend in der gesamten Nation einsetzen.;;;;;;;;;x;;
RESEARCH_NEWS_TITLE_MEDIUM2;Крупное достижение в $TAG_0_0$!;;Erfolg in $TAG_0_0$!;;;;;;;;;x;;
RESEARCH_NEWS_MEDIUM2;$TAG_0_0_ADJ$ ученые объявили о прорыве в области $STRING_0_1$. Полученные знания будут применены на практике в самом ближайшем времени- сообщил один из исследователей.;;$TAG_0_0_ADJ$e Wissenschaftler verkьndeten einen bahnbrechenden Erfolg im $STRING_0_1$-Forschungsfeld. Die neuen Erkenntnisse werten laut einem der Forscher schon bald gewinnbringend eingesetzt werden.;;;;;;;;;x;;
RESEARCH_NEWS_TITLE_SMALL2;Крупное достижение в $TAG_0_0$!;;Erfolg in $TAG_0_0$!;;;;;;;;;x;;
RESEARCH_NEWS_SMALL2;$TAG_0_0_ADJ$ ученые объявили о прорыве в области $STRING_0_1$.;;$TAG_0_0_ADJ$e Wissenschaftler verkьndeten kьrzlich einen bahnbrechenden Erfolg im $STRING_0_1$-Forschungsfeld.;;;;;;;;;x ;;
COMMUNIST_REVOLUTION_NEWS_TITLE_LARGE_COMMUNIST;КОММУНИЗМ ВОСТОРЖЕСТВОВАЛ В $TAG_0_0_UPPER$!;;KOMMUNISMUS TRIUMPHIERT IN $TAG_0_0_UPPER$!;;;;;;;;;;;x
COMMUNIST_REVOLUTION_NEWS_LARGE_COMMUNIST;Пролетарии всех стран - соединяйтесь! После столь победоносной революции наш боевой лозунг пришелся как нельзя кстати. Гнилой капитализм не может стать преградой для чаяний рабочего класса о светлом будущем. Мы получили радостную весть от наших товарищей из $TAG_0_0$, которые восстали против жуликов и воров, эксплуатировавших и унижавших простой народ. Они свергли правительство и вернули власть в руки рабочих и крестьян, представленных в лице  народного комитета $STRING_0_0$!;;Unser Aufruf 'Proletarier aller Lдnder, vereinigt Euch!' zeigt sich erneut mehr als passend fьr eine so siegreiche Revolution. Die korrupten Machenschaften des Kapitalismus kцnnen den Wunsch des Proletariats auf eine bessere Zukunft nicht ersticken. Wir erhielten frohe Kunde von unseren Genossen in $TAG_0_0$, deren Rebellion gegen die Gauner und Diebe, die das Volk misshandeln und ausnutzen, sich im Aufwind befindet. Sie haben die Regierungsaufgaben dorthin ьbertragen, wo sie hingehцren: in die Hand des Volkes, reprдsentiert durch ein Volkskomitee: $STRING_0_0$!;;;;;;;;;;;x
COMMUNIST_REVOLUTION_NEWS_TITLE_MEDIUM_COMMUNIST;КОММУНИЗМ В_0_0_UPPER$!;;KOMMUNISMUS IN $TAG_0_0_UPPER$!;;;;;;;;;;;x
COMMUNIST_REVOLUTION_NEWS_MEDIUM_COMMUNIST;Пролетарии всех стран- соединяйтесь! Этот боевой клич слышан повсюду в  $TAG_0_0$, где наши братья-коммунисты одержали победу свергнув правительство и установив власть единственной народной партии: $STRING_0_0$!;;Der Aufruf 'Proletarier aller Lдnder, vereinigt Euch!' erschallt heute in ganz $TAG_0_0$, wo unsere kommunistischen Genossen die Regierung erfolgreich stьrzten und die einzig wahre Volkspartei etablierten: $STRING_0_0$!;;;;;;;;;;;x
COMMUNIST_REVOLUTION_NEWS_TITLE_SMALL_COMMUNIST;РЕВОЛЮЦИЯ!;;REVOLUTION!;;;;;;;;;;;x
COMMUNIST_REVOLUTION_NEWS_SMALL_COMMUNIST;Пролетарии всех стран-соединяйтесь! Боевой лозунг слышан повсюду в  $TAG_0_0$, где наши собратья свергли гнилых капиталистических свиней!;;Der Aufruf 'Proletarier aller Lдnder, vereinigt Euch!' erschallt heute in ganz $TAG_0_0$, wo unsere Genossen die korrupten, kapitalistischen Gauner erfolgreich stьrzten!;;;;;;;;;;;x
battle_we_lose_large_censored_press;Сообщения с поле боя свидетельствуют о том, что $DATE_LONG_0$ наши доблестные войска вынуждены были сделать тактическое отступление после сражения с $TAG_0_3$ в $STRING_0_3$. Это была оправданная необходимость для того, чтобы максимизировать элемент неожиданности и непредсказуемости в наших действиях. $VALUE_INT_0_4$ врагов было сражено нашими защитниками отечества. К тому же $VALUE_INT_0_2$ наших солдат возвращаются в строй,стоит заметить что дислокация большиства наших сил не известна противнику и мы готовы нанести ему сокрушающий удар, проявив истинное мужество и стойкость!;;Meldungen von der Front berichten, dass unsere tapferen Truppen am $DATE_LONG_0$ einen taktischen Rьckzug vom Kampf gegen $TAG_0_3$ in $STRING_0_3$ antraten. Dies erwies sich zur Maximierung unseres Ьberraschungselements und unserer Unberechenbarkeit als notwendig. $VALUE_INT_0_4$ feindliche Soldaten fanden durch unsere wackeren Jungs den Tod. Auch wenn $VALUE_INT_0_2$ unserer Soldaten noch vermisst werden, sollte nicht vergessen werden, dass viele unserer Truppen weiterhin im Hinterhalt auf den Feind lauern und wahre Tapferkeit und Widerstandskraft beweisen.;;;;;;;;;;;x
battle_we_lose_medium_censored_press; $DATE_LONG_0$, было осуществлено тактическое отступление с поля битвы против $TAG_0_3$ , с целью расстроить планы противника столь неожиданным ходомi! $VALUE_INT_0_2$  наших защитников скрыто в засаде,  в то время как $VALUE_INT_0_4$ солдат противника убито!;;Am $DATE_LONG_0$ erwies sich ein taktischer Rьckzug vom Kampf gegen $TAG_0_3$ zur Maximierung unseres Ьberraschungselements als notwendig. Schдtzungsweise $VALUE_INT_0_2$ unserer Soldaten verbergen sich weiterhin im Hinterhalt und $VALUE_INT_0_4$ feindliche Truppen fanden den Tod.;;;;;;;;;;;x
battle_we_lose_small_censored_press; $DATE_LONG_0$, тактическое отступление было осуществлено с поле боя против $TAG_0_3$. Тем временем $VALUE_INT_0_2$ наших сил  скрыто дислоцировано от противника с целью нанесения внезапного удара!;;Am $DATE_LONG_0$ kam es zum taktischen Rьckzug vom Kampf gegen $TAG_0_3$. Schдtzungsweise $VALUE_INT_0_2$ unserer Soldaten verbergen sich weiterhin im Hinterhalt und lauern auf den Feind.;;;;;;;;;;;x 
battle_we_lose_censored_title_large;Продвижение врага остановелено в $STRING_0_3$!;;Feindlicher VorstoЯ in $STRING_0_3$ verzцgert!;;;;;;;;;;;x
battle_we_lose_censored_large;Несмотря на превосходство сорок к одному на некоторых участках фронта, наши войска удерживают линию обороны- отметил главнокомандующий, оценив стойкость солдат сдерживавших противника в $STRING_0_3$ так долго, как это представлялось стратегически возможным, и нанесшим врагам безвозвратные потери в количестве $VALUE_INT_0_2$ . 'Мы не готовы озвучить число жертв с нашей стороны '- отметили в пресс-службе правительства, когда встал вопрос о потерях. 'Народ должен сплотиться и поддержать правительство, когда речь заходит о вопросах обороны государства'- отметил пресс-секретарь, оспорив мнение скептиков.;;Ein hochrangiger militдrischer Befehlshaber lobpreiste die Tapferkeit unserer Soldaten, die 'an manchen Frontabschnitten vierzig gegen einen in der Unterzahl waren und dennoch die Stellung hielten' und somit einen feindlichen VorstoЯ in $STRING_0_3$ so lange wie strategisch sinnvoll hinauszцgerten. $VALUE_INT_0_2$ feindliche Soldaten fanden den Tod. 'Wir haben noch keine Zahlen unserer eigenen Verluste', so ein Regierungssprecher auf unsere diesbezьgliche Frage. 'Wir brauchen den Rьckhalt unseres Volkes, wenn es um die nationale Verteidigung geht', forderte er alle Skeptiker heraus.;;;;;;;;;;;x
battle_we_lose_censored_title_medium;Враг остановлен в $STRING_0_3$;;Feind in $STRING_0_3$ aufgehalten;;;;;;;;;;;x
battle_we_lose_censored_medium;Нашим доблестным солдатам удалось замедлить продвижение противника на нашей территории в сражении с численно превосходящим врагом от $TAG_0_2$. 'Если мы будем проигрывать каждое сражение в такой манере, мы выиграем войну' отметил один из высокопоставленных офицерских чинов.;;Unsere tapferen Soldaten konnten den feindl. VorstoЯ mit Erfolg in offener Feldschlacht gegen die zahlenmдЯig ьberlegenen Truppen von $TAG_0_2$ verzцgern. 'Wenn wir jedes Gefecht auf so groЯartige Art verlieren, kцnnen wir den Krieg auch gewinnen', sagte ein hochrangiger Offizier.;;;;;;;;;;;x
battle_we_lose_censored_title_small;Волевая победа в $STRING_0_3$;;Moralischer Sieg in $STRING_0_3$;;;;;;;;;;;x
battle_we_lose_censored_small;$DATE_LONG_0$ мы успешно эвакуировали нашу армию после сражения в $STRING_0_3$, уничтожив $VALUE_INT_0_2$ солдат противника, но оставив поле боя под контролем $TAG_0_2$ .;;Am $DATE_LONG_0$ evakuierten wir erfolgreich Truppen aus dem Gefecht in $STRING_0_3$ mit $VALUE_INT_0_2$ gegnerischen Verlusten, mussten jedoch $TAG_0_2$ die Kontrolle des Feldes ьberlassen.;;;;;;;;;;;x
war_we_lose_censored_large_title;НАШИ ПАРНИ ВОЗВРАЩАЮТСЯ ДОМОЙ.\nМИР С $STAG_2_0_UPPER$ ПОДПИСАН!;;UNSERE JUNGS KEHREN HEIM.\nFRIEDEN MIT $TAG_2_0_UPPER$ UNTERZEICHNET!;;;;;;;;;;;x
war_we_lose_censored_large_desc; $DATE_LONG_1$ наше правительство приняло решение капитулировать в войне с $TAG_2_0$. Противостояние, именуемое как $STRING_0_0$, перешло в горячую фазу $DATE_SHORT_0$ и велось по причине $STRING_9_0$,разрешилось же следующим образом $STRINGS_LIST_4$. 'Мы не щадили самих себя и можем гордится нашими солдатами, доказавшими, что мы не мальчики для битья' заметили правительственные чиновники. 'Но в конце концов, дальше проливать кровь наших соотечественников было просто бессмысленно'. Все граждане могут радоваться вести о том, что наши мужественные защитники возвращаются домой, хотя никаких официальных торжеств на данный момент не запланировано.;;Am $DATE_LONG_1$ entschloss sich unsere Regierung, im Krieg gegen $TAG_2_0$ nachzugeben. Der auch als $STRING_0_0$ bekannte Krieg tobte seit $DATE_SHORT_0$ ьber $STRING_9_0$ und das Ergebnis war $STRINGS_LIST_4$. 'Wir gaben kein Pardon und kцnnen stolz auf unsere Jungs sein, wir haben bewiesen, kein leichter Gegner zu sein', kommentierten Regierungsvertreter, 'Doch am Ende war es kein weiteres BlutvergieЯen unserer Jugend wert'. Alle Bьrger sollten die Heimkehr unserer Sцhne bejubeln, offizielle Feierlichkeiten wurden allerdings noch nicht datiert.;;;;;;;;;;;x
war_we_lose_censored_medium_title;МИР С $TAG_2_0_UPPER$!;;FRIEDEN MIT $TAG_2_0_UPPER$!;;;;;;;;;;;x
war_we_lose_censored_medium_desc;On $DATE_LONG_1$ наше правительство решило капитулировать в войне с $TAG_2_0$. Противостояние, известное как $STRING_0_0$, берет начало $DATE_SHORT_0$ и велось по причине $STRING_9_0$, в результате $STRINGS_LIST_4$.;;Am $DATE_LONG_1$ entschloss sich unsere Regierung, im Krieg gegen $TAG_2_0$ nachzugeben. Der auch als $STRING_0_0$ bekannte Krieg tobte seit $DATE_SHORT_0$ ьber $STRING_9_0$ und das Ergebnis war $STRINGS_LIST_4$.;;;;;;;;;;;x
war_we_lose_censored_small_title;Мирное соглашение с $TAG_2_0$;;Frieden mit $TAG_2_0$;;;;;;;;;;;x
war_we_lose_censored_small_desc;$STRING_0_0$ закончилась нашей капитуляцией перед неожиданным победителем $TAG_2_0$.;;$STRING_0_0$ endete mit unserer Kapitulation und dem unerwarteten Sieger $TAG_2_0$.;;;;;;;;;;;x 
CRISIS_START_TITLE2;Напряженность возрастает!;;Spannungen nehmen zu!;;;;;;;;x;;;
CRISIS_START_DESC_LONG2;После месяцев всевозрастающего давления, напряжение в державе $STR_0_0$ достигло точки невозврата и обернулось международным кризисом.  Мирное решение может быть выходом из дальнейшей эскалиции конфликта, однако не всем это выгодно. Бурная дипломатическая активность символизирует активную борьбу за влияние между Великими Державами. Если в ближайшее время мирная резолюция не будет подписана, кризис в державе $STR_0_0$ имеет шансы перерасти в крупномасштабное вооруженное столкновение.;;Nach Monaten zunehmendem Drucks haben die Spannungen in $STR_0_0$ einen Punkt erreicht, der zu einem handfesten internationalen Konflikt wird. Die GroЯmдchte suchen nach einer friedlichen Lцsung, um eine weitere Eskalation zu verhindern, doch es gibt auch einige, die ihren EinfluЯ ausdehnen wollen. Panische diplomatische Handlungen finden statt, wдhrend die GroЯmдchte mehr Einfluss fordern. Wenn keine Lцsung gefunden wird, wдhrend zunehmend AuЯenstehende im Disput Seiten einnehmen, kann ein Vorfall in $STR_0_0$ durchaus einen Krieg auslцsen.;;;;;;;;x;;;
CRISIS_START_DESC_MEDIUM2;Великие Державы соперничают за влияние в $STR_0_0$, и напряженность стремительно возрастает. Мирное решение может быть выходом из дальнейшей эскалиции конфликта, однако пока неизвестно возможно ли избежать вооруженного столкновения вообще.;;GroЯmдchte wetteifern um Einfluss in $STR_0_0$ und die Spannungen sind in der Region dramatisch angestiegen. Um jede weitere Eskalation zu vermeiden, suchen die GroЯmдchte nach einer friedlichen Lцsung, doch noch ist nicht sicher, ob ein Konflikt vermieden werden kann.;;;;;;;;x;;;
CRISIS_START_DESC_SHORT2;Напряжение в $STR_0_0$ переросло в масштабный кризис в то время как Великие Державы соперничают за влияние в регионе. Серьезная дипломатическая активность ведется с целью предотвратить вооруженное столкновение. ;;Spannungen in $STR_0_0$ ufern in Konflikt aus, wдhrend GroЯmдchte in der Region mehr Einfluss anstreben. Panische diplomatische Aktivitдten versuchen, einen Krieg zu verhindern.;;;;;;;;x;;;
CRISIS_END_TITLE2;Напряженность пошла на спад;;Spannungen nehmen ab;;;;;;;;x;;;
CRISIS_END_DESC_LONG2;Можно облегченно вздохнуть после новости о мирном разрешении исключительно дипломатическими методами конфронтации в  $STR_0_0$. <CrisisWinner++++++> увеличил свое влияние благодаря поддержке прочих Великих Держав.Международная конференция свела кризис на нет после стадии недельных дипломатических переговоров. Возможность войны была пресечена, однако довольны отнюдь не все, и по прежнему остается шанс того, что кто-либо бросит вызов  <CrisisWinner++++++> в будущем.;;Weltweite Erleichterung folgt auf die Nachricht, dass eine friedliche Lцsung im diplomatischen Hexenkessel $STR_0_0$ gefunden wurde. <CrisisWinner++++++> konnte mit dem Rьckhalt der GroЯmдchte seinen Einfluss erhцhen. Eine internationale Konferenz, nach Wochen voll diplomatischer Manцver, beendete den Konflikt erfolgreich. Fьr den Augenblick wurde ein Krieg verhindert, auch wenn nicht alle mit dem Ergebnis zufrieden sind. Es bleibt abzuwarten, ob eine andere Macht <CrisisWinner++++++> in der Zukunft herausfordern wird.;;;;;;;;x;;;
CRISIS_END_DESC_MEDIUM2;Международный кризис в $STR_0_0$ был мирно урегулирован на дипломатической конференции Великих Держав. <CrisisWinner++++++> повысил свое влияние без использования грубой силы. Будущее покажет будет ли этот мир крепок.;;Der internationale Konflikt in $STR_0_0$ fand nach einer diplomatischen Konferenz der GroЯmдchte eine friedliche Lцsung. <CrisisWinner++++++> konnte seinen Einfluss erhцhen, ohne zu Kriegsmitteln greifen zu mьssen. Es bleibt abzuwarten, ob der Frieden halten wird.;;;;;;;;x;;;
CRISIS_END_DESC_SHORT2;Война была предотвращена так как кризис в $STR_0_0$ был разрешен на конференции Ведиких Держав. <CrisisWinner++++++> благополучно увеличил свое влияние. ;;Ein Konflikt in $STR_0_0$ wurde nach einer Konferenz der GroЯmдchte gelцst und Krieg verhindert. <CrisisWinner++++++> konnte erfolgreich seinen Einfluss erhцhen.;;;;;;;;x;;;
OTHER_NEW_GP_DESC_LONG2;$TAG_0_1$ стремительно увеличивает свой статус уже последние несколько лет и теперь может считаться Великой Державой.  $TAG_0_1_ADJ$ репутация, подпитанная международным признанием, значительно окрепла и можно ожидать, что $TAG_0_1$ будет активно распространять свое влияние. $TAG_0_0$ потеряла лицо и переместилась в число колониальных держав. Потеря статуса будет ощущаться довольно остро, и влияние в мире ожидаемо снизится. ;;$TAG_0_1$ hat seinen Status seit einigen Jahren verbessert und zдhlt nun zu den GroЯmдchten der Welt. Die $TAG_0_1_ADJ$e Reputation ist mit der internationalen Akzeptanz des neuen Status rapide gewachsen und es ist damit zu rechnen, dass $TAG_0_1$ seinen Einfluss weiter ausbauen will. $TAG_0_0$ konnte den Niedergang der letzten Zeit nicht aufhalten und wird nur noch als zweitrangige Macht in den Angelegenheiten des Weltgeschehens eingeordnet. Dieser Statusverlust hinterlдsst seine Spuren und schon jetzt ist ihr internationaler Einfluss deutlich gesunken.;;;;;;;;x;;;
OTHER_NEW_GP_DESC_MEDIUM2;$TAG_0_1$ приобрела статус Великой Державы в глазах мирового сообщества. Государство крепнет на глазах, однако не всеми это воспринимается положительно. $TAG_0_0$ теперь считается колониальной державой, к своему неудовольствию.;;$TAG_0_1$ wird weitgehend von der internationalen Gemeinschaft als GroЯmacht akzeptiert. Der stete Wachstum an Macht dieses Staates wird nicht ьberall begrьЯt. $TAG_0_0$ gilt nur noch als zweitrangige Macht, sehr zu ihrem Missfallen.;;;;;;;;x;;;
OTHER_NEW_GP_DESC_SHORT2;Государства $TAG_0_1$ заняло место  $TAG_0_0$ в качестве Великой Державы в глазах мирового сообщества, повысив свой статус и влияние в мире. ;;Der aufstrebende Staat $TAG_0_1$ hat $TAG_0_0$ in den Augen der internationalen Gemeinschaft nach Дnderungen in Status und internationalem Einfluss als GroЯmacht abgelцst.;;;;;;;;x;;;
AI_LOVES_US_TITLE4;Теплые отношения;;Wohlwollende Beziehungen;;;;;;;;x;;;
AI_LOVES_US_DESC4_LONG;Наш корреспондент узнал из анонимных источников в МИДе, что несколько недель назад руководитель  $TAG_0_0$ выступил с объемной речью, в которой сыпал комплементами в адрес нашей нации и ее достижениям. Хочется верить, что данный спич- это искренняя попытка  $TAG_0_0$ сблизиться с нашей державой и мы обязаны проявить ответную инициативу в адрес любезных  $TAG_0_1_ADJ$ жителей. Нам лестны эти попытки к сближению, и мы надеемся что это приведет к продолжительному сотрудничеству между нашими государствами.;;Vertrauliche Quellen des AuЯenministeriums sagten unserem Korrespondenten in den letzten Wochen, dass der Herrscher von $TAG_0_0$ vor seinem Volk eine groЯe Lobrede auf unsere Nation und die Leistungen unseres Volkes hielt. Man nimmt an, dass $TAG_0_0$ mit dieser Rede nдher an unsere groЯe Nation heranrьcken mцchte und wir sollten den Lobeshymnen mit der typischen Hцflichkeit des $TAG_0_1_ADJ$en Volkes begegnen. Wir schдtzen diese Absicht sehr und hoffen, dass sie zu einer andauernden Phase der Zusammenarbeit zwischen unseren beiden glorreichen Lдndern fьhren wird.;;;;;;;;x;;;
AI_LOVES_US_DESC4_MEDIUM;После крайне продуктивной встречи с послом на прошлой неделе, представитель $TAG_0_0_ADJ$ народа, выступил с речью в МИДе, в которой дал высокую оценку нашей нации в целом и правительству за работу, результатом которой стало возможен диалог и сотрудничество между нашими государствами.;;Nach einem sehr produktiven Treffen mit unserem Botschafter letzte Woche, hielt ein Reprдsentant des $TAG_0_0_ADJ$en Volkes auf den Stufen des AuЯenministeriums eine Lobrede auf unsere Nation und Regierung. Dies ermцglicht einen neuen Dialog der Zusammenarbeit und Partnerschaft.;;;;;;;;x;;;
AI_LOVES_US_DESC4_SHORT;"Наступила новая эра, эра дружбы между нашими государствами"- такими словами посол $TAG_0_0_ADJ$ поприветствовал собравшихся журналистов подведя итоги переговоров в столице.";;Der  $TAG_0_0_ADJ$e Botschafter sagte zu versammelten Journalisten nach Gesprдchen in der Hauptstadt: 'Eine neue Дra der Freundschaft hat zwischen unseren Nationen begonnen'.;;;;;;;;x;;;
RESEARCH_NEWS_TITLE_LARGE2;Открытие в $TAG_0_0$!;;Durchbruch in $TAG_0_0$!;;;;;;;;;x;;
RESEARCH_NEWS_LARGE2;$TAG_0_0_ADJ$ ученые вчера объявили, что после месяцев исследований, было совершено новое открытие в области $STRING_0_1$ . Ожидается, что в ближайшее время крупнейшие предприниматели и правительство  $TAG_0_0$  приступят к  применению данных знаний на практике, повсеместно повышая качество продукции.;;$TAG_0_0_ADJ$e Wissenschaftler verkьndeten gestern nach Monaten konzentrierter und engagierter Forschung einen bahnbrechenden Erfolg im $STRING_0_1$-Forschungsfeld. Es wird erwartet, dass Unternehmer und Regierung in  $TAG_0_0$ schon bald die neuen Erkenntnisse gewinnbringend in der gesamten Nation einsetzen.;;;;;;;;;x;;
RESEARCH_NEWS_TITLE_MEDIUM2;Открытие в $TAG_0_0$!;;Durchbruch in $TAG_0_0$!;;;;;;;;;x;;
RESEARCH_NEWS_MEDIUM2;$TAG_0_0_ADJ$ ученые объявили об открытии в области  $STRING_0_1$. Полученные знания вскоре принесут пользу на приктике, заметил один из исследователей.;;$TAG_0_0_ADJ$e Wissenschaftler verkьndeten einen bahnbrechenden Erfolg im $STRING_0_1$-Forschungsfeld. Die neuen Erkenntnisse werten laut einem der Forscher schon bald gewinnbringend eingesetzt werden.;;;;;;;;;x;;
RESEARCH_NEWS_TITLE_SMALL2;Открытие в $TAG_0_0$!;;Durchbruch in $TAG_0_0$!;;;;;;;;;x;;
RESEARCH_NEWS_SMALL2;$TAG_0_0_ADJ$ ученые заявили о прогрессе в области $STRING_0_1$.;;$TAG_0_0_ADJ$e Wissenschaftler verkьndeten kьrzlich einen bahnbrechenden Erfolg im $STRING_0_1$-Forschungsfeld.;;;;;;;;;x;;
INVENTION_NEWS_TITLE_LARGE2;Новое изобретение!;;Neues Patent!;;;;;;;;;;;x
INVENTION_NEWS_LARGE2;Новости Науки: были запатентованы очередные улучшения и инновации в области $STRING_0_1$ исследователями из державы $TAG_0_0$. Полная документация данных изобретений пока держится в секрете, но в скором времени ожидается ее имплементация в существующие хозяйственные связи во многих странах, что послужит подспорьем мировому прогрессу в перспективе. ;;Forschungsbericht: Verbesserungen und Innovationen im Feld von $STRING_0_1$ wurden von Forschern in $TAG_0_0$ patentiert und eingetragen. Es wird damit gerechnet, dass die Dokumentation dieser Fortschritte trotz bisheriger strenger Geheimhaltung in anderen Lдndern weite Verbreitung finden wird und dem wissenschaftlichen Fortschritt der gesamten Welt nutzen wird.;;;;;;;;;;;x
INVENTION_NEWS_TITLE_MEDIUM2;Новое изобретение!;;Neues Patent!;;;;;;;;;;;x
INVENTION_NEWS_MEDIUM2;Усовершенствования и нововведения в области  $STRING_0_1$ были официально задокументорованы в Государственном Патентном Бюро державы $TAG_0_0$. ;;Verbesserungen und Innovationen im Feld von $STRING_0_1$ wurden im Nationalen Patentamt in $TAG_0_0$ eingetragen.;;;;;;;;;;;x
INVENTION_NEWS_TITLE_SMALL2;Новое изобретение!;;Neues Patent!;;;;;;;;;;;x
INVENTION_NEWS_SMALL2;Очередные открытия в области $STRING_0_1$ были совершены в державе $TAG_0_0$. ;;Neue Verbesserungen und Innovationen im Feld von $STRING_0_1$ wurden in $TAG_0_0$ patentiert.;;;;;;;;;;;x 
EDITORIAL_ABSMON;От редакции: почему ненавидеть анти-монархистов в порядке вещей? Само Провидение этого требует!Почему эти маргиналы предпочли бы видеть  сельскую чернь в правительстве(смотри ст. 10).;;Redaktionelles: warum es richtig und angemessen ist, Anti-Legitimisten zu hassen – die Weitsicht verlangt es!Tunichtgute wьrden Bauerngesindel sich selbst regieren lassen (weiter auf S. 10);;;;;;;;;x;;
EDITORIAL_PRUCON;От редакции:  почему ненавидеть реформаторов всех мастей правильно?Того требует естественный порядок вещей!Почему эти либеральные мыслители и космополиты превратят наше государство в бордель( смотри ст. 10).;;Redaktionelles: warum es richtig ist, Reformisten aller Couleur zu hassen – die Natur gebietet es! Liberale Spekulanten und Kosmopoliten wьrden unsere Nation wie Bordell fьhren (mehr auf S. 10);;;;;;;;;x;;
EDITORIAL_CONMON;От редакции: почему ненавидеть республиканцев это нормально? Того требует стабильность! Почему, без улыбчивой марионетки, интриги и репрессии уничтожат нас всех (смотри. ст 10).;;Redaktionelles: warum es richtig ist, Republikaner zu hassen – Stabilitдt verlangt es! Ohne gьtig auf uns herablдchelnden Reprдsentanten werden Intrigen und Guillotine unser Ende sein (S. 10);;;;;;;;;x;;
EDITORIAL_DEMOCRACY;От редакции: почему так разумна ненависть к революционерам всех мастей? Потому что их нельзя подкупить! Почему люди с таким рвением и преданностью идеям не проявляют никакого уважения к верховенству закона(смотри ст.10).;;Redaktionelles: warum es richtig ist, Revolutionдre aller Couleur zu hassen – sie sund unbestechlich! Mдnner mit solchem Eifer und starren Doktrinen haben keinerlei Respekt vor Gesetz (S. 10);;;;;;;;;x;;
EDITORIAL_PRESDICT;От редакции:почему ненавидеть вредителей - хорошо? Президент этого требует! Почему только вчера была осквернена вандалами мраморная статуями Его Превосходительства в столице(смотри ст.10).;;Redaktionelles: warum es richtig ist, Staatsfeinde zu hassen – Prдsident verlangt es! Erst gestern haben diese Kriminellen Statue Seiner Exzellenz in Hauptstadt schдndlich vandalisiert (S. 10);;;;;;;;;x;;
EDITORIAL_BOURDICT;От редакции: почему ненавидеть бедных в порядке вещей? Разумный эгоизм того требует! Почему эти паразитирующие жители трущоб выбрали жизнь в бедности. Проявляете к ним милосердие на свой страх и риск (смотри ст.10);;Redaktionelles: warum es richtig ist, die Armen zu hassen – der rationale Egoismus verlangt es! Dieser parasitдre Abschaum hat die Armut gewдhlt. Mitleid auf eigenes Risiko. (mehr auf S. 10);;;;;;;;;x;;
EDITORIAL_PROLDICT;От редакции: почему ненавидеть тунеядцев к лучшему? Такова воля партии!Почему даже самый нищий деревенский пекарь эксплуататор? Искоренение богатых освободит всех нас (смотри ст.10).;;Redaktionelles: warum es richtig ist, Parasiten zu hassen – die Partei verlangt es! Selbst kleinster Dorfbдcker nutzt Massen aus. Die Reichen auszumerzen, wird uns befreien (mehr auf S. 10).;;;;;;;;;x;;
EDITORIAL_FASCDICT;От редакции: почему ненавидеть тунеядцев к лучшему? Такова воля партии!Почему даже самый нищий деревенский пекарь эксплуататор? Искоренение богатых освободит всех нас (смотри ст.10).;;Redaktionelles: warum es richtig ist, Parasiten zu hassen – die Partei verlangt es! Selbst kleinster Dorfbдcker nutzt Massen aus. Die Reichen auszumerzen, wird uns befreien (mehr auf S. 10).;;;;;;;;;x;;
FAKE_UNKNOWN;"Многообещающий молодой писатель Эллис Белл изложил новаторский взгляд на сущность любви, затерянной посреди вересковых пустошей Йоркшира, в своем романе "Грозовой Перевал". Мы с нетерпением ожидаем большего от юного дарования.";;Der junge Schriftsteller Ellis Bell schrieb faszinierende Einsichten in Liebesdinge im Moor von Yorkshire in Wuthering Heights. Wir freuen uns auf weitere Arbeiten dieses jungen Mannes.;;;;;;;;;x;;
FAKE_UNKNOWN;"Литературная сенсация! Автор "Грозового Перевала" Эллис Белл на самом деле оказался женщиной по имени Эмили Бронте! Популярность романа все растет, ведь каждая женщина в Лондоне втайне воздыхает по Хитклиффу.";;Literaturskandal! Wuthering Heights Autor Ellis Bell ist in Wirklichkeit eine Frau namens Emily Brontл! Popularitдt des Romans ungebrochen, Londons Frauenherzen schmachten nach Heathcliff.;;;;;;;;;x;;
FAKE_UNKNOWN;"Ричард Френсис Бертон, переводчик "Тысячи и Одной Ночи" и "Камасутры" совершил хадж в Мекку. Эксклюзивный отчет читайте на стр.10.";;Der Ьbersetzer von Tausendundeine Nacht und dem Kamasutra, Richard Francis Burton, infiltrierte den Haddsch in Mekka. Exklusiver Reisebericht auf Seite 10.;;;;;;;;;x;;
FAKE_UNKNOWN;Актриса Вирджиния Рапп была найдена мертвой в отеле Толстяка Арбакла в Нью-Йорке. Пришла пора остановить парней из Голливуда и их дегенератские фильмы, иначе моральные ценности нашей нации будут подорваны.;;Schauspielerin Virginia Rappe tot in Fatty Arbuckles Hotelsuite in New York aufgefunden. Zeit, die Playboys und dekadenten Filme Hollywoods zu zьgeln, oder die Moral der Nation geht zugrunde.;;;;;;;;;x;;
FAKE_UNKNOWN;"Произведение Джорджа Гершвина Рапсодия в стиле блюз" сочетает в себе признаки классического и джазового стилей, которые вместе создают утонченный-но-игривый мост, соединяющий старые и новые звуки, подобающие новой эпохе.";;George Gershwins neue Komposition Rhapsody in Blue vermischt klassische Elemente mit Jazz, um eine verspielte Brьcke zw. alter und neuer Musik zu schlagen, die zu unserer modernen Zeit passt.;;;;;;;;;x;;
FAKE_UNKNOWN;Ф. Скотт и Зельда Фицджеральд покидают Нью-Йорк в поисках более светлого будущего в сообществе эмигрантов в Париже. Такое чувство, что все талантливые американцы заканчивают свою карьеру в Париже.;;F. Scott und Zelda Fitzgerald verlassen New York, um eine bessere Zukunft in der amerik. Gemeinschaft in Paris zu suchen. Scheinbar landen alle talentierten Amerikaner neuerdings in Paris.;;;;;;;;;x;;
FAKE_UNKNOWN;Еще одно последствие Вольстедского акта о введение Сухого Закона — американцы создают коктейли с целью сделать контрабандный алкоголь вкуснее.;;Ein weiterer Seiteneffekt des Alkoholverbots des Valstead Acts: Amerikaner sind wegweisend in der Erfindung neuer Cocktails, um schwarzgebrannten Alkohol trinkbar zu machen.;;;;;;;;;x;;
FAKE_Cthulhu;Пх’нглуи мглв’нафх Ктулху Р’льех вгах’нагл фхтагн;;Ph'nglui mglw'nafh Cthulhu R'lyeh wgah'nagl fhtagn;;;;;;;;;x;;
some_fake_1836_title_12;Сакура;;Kirschblьten;;;;;;;;;;;x
some_fake_1836_12;"Японское правительство решило, что новым национальным цветом станет цвет сакуры, поскольку она лучше всего отражает характер этой славной страны. Называть его "розовым" запрещено.";;Regierung Japans wдhlt die Farbe von Kirschblьten als neue Nationalfarbe, die den wunderbaren Charakter der Nation am besten wiederspiegelt. Es ist verboten, die Farbe 'rosa' zu nennen.;;;;;;;;;;;x 
some_fake_1836_title_13;Хорошая река;;Der gute Fluss;;;;;;;;;;;x
some_fake_1836_13;"Группа американских экспертов в картографии создала наиболее точную карту течения "хорошей" реки Огайо, которая будет позже включена в состав локальных и интернациональных карт. На очереди другие реки.";;Team amerik. Kartographie-Experten prдsentiert aktuellste Zeichnungen des 'guten' Ohio-Flusses, die in nationalen und internationalen Karten verwendet werden. Weitere Flьsse werden folgen.;;;;;;;;;;;x
some_fake_1836_title_14;Ян Майен;;Jan Mayen;;;;;;;;;;;x
some_fake_1836_14;"Все больше мигрантов прибывает на бесплодный остров Ян Майен в Северном Ледовитом океане. "Мы устали от шума,"— сказал один из первопроходцев.";;Unglaublich viele Migranten sind laut Berichten kьrzlich auf die karge Insel Jan Mayen im Arktischen Ozean gezogen. 'Wir hatten den Lдrm satt', sagte einer der Pioniere.;;;;;;;;;;;x 
some_fake_1880_title_8;Закон о лунатиках;;Geisteskranken-Verordnung;;;;;;;;;;;x
some_fake_1880_8;Недавно был принят закон, по которому владельцы кораблей должны платить штраф за перевоз людей, признанных лунатиками, идиотами или виновными в преступлении.;;Neue Gesetzesverordnung belegt Schiffseigner mit einer Geldstrafe, wenn sie Menschen die geisteskrank, Idioten oder Strдflinge sind, mit ihrem Schiff in die Hдfen dieses Landes entladen.;;;;;;;;;;;x 
some_fake_1890_title_8;55 счастливчиков;;Die Glьcklichen 55;;;;;;;;;;;x
some_fake_1890_8;"54 победителя государственной лотерии разделили между собой небольшое количество призовых денег. Я не могу найти свой билет!" — жалуется несчастный 55 победитель.";;54 bestдtigte Gewinner der Staatslotterie teilen sich Rekordgewinn. 'Ich kann mein Los nicht finden!', beklagt der unglьckliche 55. Gewinner.;;;;;;;;;;;x 
some_fake_1910_title_11;"Мистификация на Дредноуте";;Schlachtschiff-Humbug;;;;;;;;;;;x
some_fake_1910_11;Группа молодых аристократов, замаскированная с помощью тюрбанов и черного грима под Абиссинскую королевскую семью, проложила себе путь к кораблю Королевского военно-морского флота и попала на приватную экскурсию по судну.;;Gruppe junger Aristokraten, verkleidet als Delegation des abessinischen Prinzen, mit Turbanen und geschwдrzten Gesichtern, erschwindelt private Fьhrung durch Flagschiff der kцnigl. Marine.;;;;;;;;;;;x 
some_fake_1910_title_12;Радио убивает культуру?;;Zerstцren Radios die Kultur?;;;;;;;;;;;x
some_fake_1910_12;Радио появилось совсем недавно, но уже появляются слухи о том, что оно положит конец культуре и всему обществу в целом. Защитники радио говорят, что по нему будут транслироваться только интеллектуальные программы, дающие пищу для размышления.;;Mit Einfьhrung des Radios wдchst die Sorge um den Fortbestand der Gesellschaft und Sozialisation. Befьrworter betonen, dass nur zum Nachdenken anregende, intelligente Sendungen geplant werden.;;;;;;;;;;;x 
some_fake_1910_title_13;Восстание чибата;;Der Peitschen-Aufstand;;;;;;;;;;;x
some_fake_1910_13;Чернокожие матросы бразильского флота взбунтовались против белых офицеров. Они угрожали сжечь Рио де Жанейро, если расовая дискриминация и физические наказания не будут отменены.;;Schwarze Besatzung der brasil. Marine meutert gegen ihre weiЯen Offiziere. Sie fordern Ende der Rassendiskriminierung und kцrperlichen Gewalt gg. Untergebene oder Rio de Janeiro werde brennen.;;;;;;;;;;;x 
some_fake_1920_title_13;Партия за реформирование мужского костюма;;Partei zur Reform von Mдnnerkleidung;;;;;;;;;;;x
some_fake_1920_13;"Новое движение призывает мужчин одеваться более красиво и гигиенично. Большая часть членов партии хочет носить шорты, некоторые выступают за кильт, почти все против штанов". ПРМК также выступает против ношения шляп.";;Neue Bewegung fordert Mдnner zu ansehnlicherer und sauberer Kleidung auf. 'Viele Mitglieder wьnschen sich kurze Hosen, manche Kilts, fast alle hassen lange Hosen.' MDRP lehnt auch Hьte ab.;;;;;;;;;;;x
dino_fake_1830_title_1;Орнитология;;Ornithichnologie;;;;;;;;;; ;x
dino_fake_1830_1;Профессор Хитчхок обнаружил останки ископаемых птих около реки Коннектикут в Массачусетсе. Некоторые следы указывают на то, что они были оставлены каким-то гигантским видом птиц.;;Prof. Hitchcock meldet Entdeckung von Fossilienspuren von Vцgeln nahe des Connecticut-Flusses, Massachusetts. Einige Spuren deuten auf riesige Vogelart hin…;;;;;;;;;;;x
dino_fake_1830_title_2;Платеозавр;;Plateosaurus;;;;;;;;;;;x
dino_fake_1830_2; В честь Доктора Энгельхарда, первого человека, обнаружившего остатки, Доктор фон Мейер назвал новую гигантскую ящерицу Plateosaurus engelhardti. Похоже, она родственна Игуанодонтам и Мегалозаврам.;; Zu Ehren des Entdeckers Dr. Engelhardt nannte Dr. von Meyer einen neuen riesigen Saurier 'Plateosaurus engelhardti'. Er scheint mit Iguanodon und Megalosaurus verwandt zu sein.;;;;;;;;;;;x
dino_fake_1830_title_3;Текодонтозавр;;Thecodontosaurus;;;;;;;;; ;;x
dino_fake_1830_3;У этого удивительного ящера зубы находятся в гнездах, а не прикреплены к челюсти как у современных рептилий, говорят докторы Рили и Статчбари, обнаружившие ящерицу.;;Dieser ungewцhnliche Saurier besaЯ Zдhne in Zahnhцhlen, nicht wie moderne Reptilien direkt mit dem Kiefer verbundene, wie Dr. Rilez und Dr. Stutchbury, Entdecker der Eidechse, sagen.;;;;;;;;;;;x
dino_fake_1830_title_4;Поэкилоплерон;;Poekilopleuron;;;;;;;;;;; x
dino_fake_1830_4;Доктор Эд-Делонгшамп обнаружил нового ящера, у которого есть ребра, шея и конечности. Он считает, что животное родственно мегалозаврам.;;Dr. Eudes-Deslongchamps meldet aufgrund von Wirbel-, Rippen- und GliedmaЯen-Funden einen neuen Saurier. Er glaubt, das Tier ist mit dem Megalosaurus verwandt.;;;;;;;;;;;x
dino_fake_1840_title_1;Динозавры;;Dinosauria;;;;;;;;;;;x
dino_fake_1840_1; Динозавры — название, которое Профессор Оуэн предложил для новой трибы ископаемых ящеров, которая включает в себя Мегалозавров и Игуанодонтов. Они известны  своим большим размером.;; Prof. Owen schlug fьr die Sauriergattung, der Megalosaurus, Hylaeosaurus und Iguanodon angehцren, den Namen Dinosauria vor. Ihre GrцЯe ist bemerkenswert.;;;;;;;;;;;x
dino_fake_1840_title_2;Цетиозавры;;Cetiosaurus;;;;;;;;;;;x
dino_fake_1840_2;"Была обнаружена новая морская рептилия. Профессор Оуэн назвал ее Цетиозавр, что обозначает Китовая ящерица".";; Neue Entdeckung eines riesigen, aquatischen Reptil-Fossils. Prof. Owen nannte es Cetiosaurus, was “Wal-Echse” bedeutet.;;;;;;;;;;;x
dino_fake_1840_title_3;Кардиодонт;;Cardiodon;;;;;;;;;;;x
dino_fake_1840_3;В английском графстве Уилтшир был обнаружен зуб в форме сердца. После его анализа Профессор Оуэн решил дать ей имя Кардиодонт.;;Ein einzelner, herzfцrmiger Zahn wurde in Wiltshire, England entdeckt. Prof. Owen entschloss sich nach seiner Analyse, ihn Cardiodon zu taufen.;;;;;;;;;;;x
dino_fake_1840_title_4;Регнозавр;;Regnosaurus;;;;;;;;;;;x
dino_fake_1840_4;После нахождения нескольких челюстей Игуанодонта, доктор Мантелл обнаружил свою ошибку в приписывании челюстей этому животному, и теперь он считает, что челюсти принадлежат другому виду.;;Nach dem Fund einiger Kieferknochen des Iguanodons vermutete Dr. Mantell einen Fehler in seiner vorherigen Zuordnung eines Kiefers zu diesem Biest und beschreibt ihn nun als separate Spezies.;;;;;;;;;;;x
dino_fake_1840_title_5;Динозавры?;;Dinosauria?;;;;;;;;;;;x
dino_fake_1840_5;Биолог Ричард Оуэн создает первую скульптуру вымерших гигантских рептилий в натуральную величину, останки которых были найдены в Южной Африке и Новой Зеландии. Он называет их динозаврами.;;Biologe Richard Owen erstellt erste lebensgroЯe Skulpturen von ausgestorbenen, gigantischen Reptilien, deren Fossilien in Sьdafrika und Neuseeland entdeckt wurden. Er nennt sie 'Dinosauria'.;;;;;;;;;;;x
dino_fake_1850_title_1;Динозавры в Америке;;Dinosaurier in Amerika;;;;;;;;;;;x
dino_fake_1850_1;Доктор Лейди обнаружил двух новых динозавров в Америке, которых он назвал Траходонт и Дейнодонт. Были также найдены и другие неизвестные ранее виды, названные Палеоскинкус и Троодон.;;Dr. Leidy beschrieb zwei neue Dinosaurier aus Amerika, namens Trachodon und Deinodon. Weitere untergeordnete Echsen namens Palaeoscincus und Troodon wurden ebenfalls entdeckt.;;;;;;;;;;;x
dino_fake_1850_title_2;Гадрозавр;;Hadrosaurus;;;;;;;;;;;x
dino_fake_1850_2;"Похоже, этот новый динозавр близок к Игуанодонтам; Доктор Лейди считает, что это животное передвигалось в ветикальном положении на двух ногах.";;Dieser neue Dinosaurier scheint mit dem Iguanodon verwandt zu sein. Dr. Leidy vermutet bei dem Tier einen aufrechten Gang auf zwei Beinen.;;;;;;;;;;;x
dino_fake_1860_title_1;Компсогнат;;Compsognathus;;;;;;;;;;;x
dino_fake_1860_1;Был обнаружен новый вид динозавров, названный Компсогнатом. Доктор Вагнер утверждает, что эта ящерица является родственником птиц, но это еще не доказано.;;Neue Saurierspezies entdeckt und Compsognathus getauft. Dr. Wagner sagt, die Echse erinnere fern an Vцgel, doch ein solcher Bezug sei nicht erwiesen.;;;;;;;;;;;x
dino_fake_1860_title_2;Археоптерикс;;Archaeopteryx;;;;;;;;;;;x
dino_fake_1860_2;"Было обнаружено хорошо сохранившееся перо, и доктор фон Мейер назвал его Археоптерикс, кто означает Древнее перо" или "Древнее крыло".";;Ein perfektes Fossil einer Feder wurde entdeckt und Dr. Wagner taufte sie Archaeopteryx, was fьr eine altertьmliche Feder oder einen Flьgel steht.;;;;;;;;;;;x
dino_fake_1860_title_3;Johnstoni, Astrodon Johnstoni!;;johnstoni, Astrodon johnstoni!;;;;;;;;;;;x
dino_fake_1860_3;После того, как Доктор Джонстон обнаружил несколько зубов ископаемых рептилий, названных им Астродонтами, Доктор Лейди дополняет название, добавляя в его честь специфический эпитет.;;Nachdem Dr. Johnston einige Saurierzдhne als Astrodon bezeichnete, vollendet Dr. Leidy nun den Namen zu dessen Ehren mit diesem spezifischen Beinamen.;;;;;;;;;;;x
dino_fake_1860_title_4;Дриптозавр;;Laelaps;;;;;;;;;;;x
dino_fake_1860_4;Профессор Коп объявляет об открытии ужасных хищных гигантских динозавров, родственных Мегалозаврам и Динодонтам.;;Professor Cope verkьndet die Entdeckung eines furchterregenden, rдuberischen, riesigen Dinosauriers, der mit Megalosaurus und Dinodon verwandt ist.;;;;;;;;;;;x
dino_fake_1860_title_5;Эласмозавр;;Elasmosaurus;;;;;;;;;;;x
dino_fake_1860_5;Э. Д. Коп обнаружил нового эналиозавра, родственного Плезиозаврам, но имеющего более длинный хвост.;;E.D. Cope meldet einen neuen Enaliosaurus, der mit dem Plesiosaurus verwandt ist, aber einen viel lдngeren Schwanz hat.;;;;;;;;;;;x
dino_fake_1860_title_6;Археоптерикс;;Archaeopteryx;;;;;;;;;;;x
dino_fake_1860_6;В Баварии были найдены останки Археоптерикса. Его часто называют "Первой птицей" и "Потерянным звеном между динозаврами и птицами", и является доказательством, в котором Дарвин нуждался для обоснования своей теории.;;Archaeopteryx-Fossilien in Bayern gefunden. Die 'ersten Vцgel' bilden 'fehlende Verbindung zwischen Dinosauriern und Vцgeln' und liefern den Beweis, den Darwin fьr seine Theorie brauchte.;;;;;;;;;;;x
dino_fake_1860_title_7;Гипселозавр;;Hypselosaurus;;;;;;;;;;;x
dino_fake_1860_7;Господин Матерон докладывает о позвонках и фрагментах гигантских яиц водной ископаемой рептилии, найденной в Фюво и названной Гипселозавром.;;Mr. Matheron meldet Funde von Wirbelknochen und gigantischen Eifragmenten eines womцglich aquatischen Sauriers im Fuveau-Becken, den er Hypselosaurus taufte.;;;;;;;;;;;x
dino_fake_1870_title_1;Война!;;KRIEG!;;;;;;;;;;;x
dino_fake_1870_1;После того, как Доктор Марш публично объявил об ошибке Доктора Копа, заключающейся в помещении головы Эласмозавра в его хвост, они стали заклятыми врагами, и началось жестокое научное соревнование.;;Dr. Marshs Verцfentlichung, dass Dr. Cope den Kopf des Elasmosaurus irrtьmlich am Schwanzende anbrachte, machte sie zu Erzrivalen und ein erbitterter wissenschaftl. Wettstreit hat begonnen.;;;;;;;;;;;x
dino_fake_1870_title_2;Больше информации о Археоптериксах.;;Mehr zum Archaeopteryx;;;;;;;;;;;x
dino_fake_1870_2;Новые останки примитивной птицы Архиоптерикса покахали такие шокирующие рептильные черты как когти и зубы. Эволюционисты извекли большую пользу из этих находок и называют их недостающим звеном.;;Neue Fossilien des primitiven Vogels Archaeopteryx zeigen schockierende Reptilienmerkmale wie Klauen und Zдhne. Evolutionisten reiЯen sich um die Entdeckung, sie sei ein fehlender Link.;;;;;;;;;;;x
dino_fake_1870_title_3;Безумство Профессора Хаксли!;;Prof. Huxleys Wahnsinn!;;;;;;;;;;;x
dino_fake_1870_3;Видные палеонтологи боятся за умственное состояние Профессора Хаксли после его глупого заявления о том, что птицы и рептильные динозавры родственны!;;Viele bekannte Palдontologen fьrchten um Prof. Huxleys Geisteszustand, nachdem er eine weitere lдcherliche Evolutionstheorie vortrug: er sagt, reptilische Dinosaurier und Vцgel sind verwandt!;;;;;;;;;;;x
dino_fake_1870_title_4;Стегозавры;;Stegosaurus;;;;;;;;;;;x
dino_fake_1870_4;"На Северо-Востоке Америки был обнаружен новый вид странных и огромных черепах. Профессор Марш назвал их Стегозаврами, что обозначает Крытая ящерица".";;Eine neue Art einer merkwьrdigen, gigantischen Schildkrцte wurde im Westen Nordamerikas entdeckt. Prof. Marsh nennt sie Stegosaurus, was soviel wie ьberdachte Eidechse heisst.;;;;;;;;;;;x
dino_fake_1870_title_5;Птеранодон;;Pteranodon;;;;;;;;;;;x
dino_fake_1870_5;Открытие Г.Ч. Марша совершило прорыв. Эти воздушные существа, останки которых были найдены в Северной Америке, в отличие от других видов птерозавров вообще не имели зубов.;;Bahnbrechende Entdeckung von O.C. Marsh. In Nordamerika gefundene Fossilien von fliegenden Kreaturen hatten, im Gegensatz zu anderen Pterosaurus-Arten, keine Zдhne.;;;;;;;;;;;x
dino_fake_1870_title_6;Агатаум;;Agathaumas;;;;;;;;;;;x
dino_fake_1870_6;"Похороненные в образовании угля останки животного, которого Э.Д. Коп описал как Князь среди гигантов", похоже, являются останками самого крупного наземного животного, которого когда-либо знала Земля.";;Laut E.D. Cope liegt in einer Kohleformation in Wyoming 'das Wrack eines Prinzen unter den Giganten', zweifelsohne das bislang grцЯte, entdeckte Landtier.;;;;;;;;;;;x
dino_fake_1870_title_7;Раскопки в котловине Бриджер;;Arbeiten in Bridger Basin;;;;;;;;;;;x
dino_fake_1870_7;"Марш, Коп и Лейди перемещают раскопки в район котловины Бейзина в Вайоминге. Их лагеря находятся на расстоянии нескольких миль; три величайших палеонтологиста никогда не говорят друг с другом.";;Marsh, Cope und Leidy verlagern Ausgrabungsarbeiten nach Bridger Basin, Wyoming. Trotz benachbarter Lager wechseln die drei fьhrenden Palдontologen kein Wort miteinander.;;;;;;;;;;;x
dino_fake_1870_title_8;Один голос против;;Misstrauensvotum;;;;;;;;;;;x
dino_fake_1870_8;Профессор Марш ликует после его избрания в престижную Национальную Академию Наук. Профессор Коп является единственным членом Академии, который голосовал против.;;Professor Marsh erfreut ьber seine Wahl in anerkannte Nationale Akademie der Wissenschaften. Laut Meldungen votierte Professor Cope als einziges Akademiemitglied mit 'Nein'.;;;;;;;;;;;x
dino_fake_1870_title_9;Гесперорнис;;Hesperornis;;;;;;;;;;;x
dino_fake_1870_9;Профессор Марш объявляет об обнаружении Гесперорниса;;;;;;;;;;;;;
dino_fake_1870_title_10;Марш среди племени Сиу;;Marsh bei den Sioux;;;;;;;;;;;x
dino_fake_1870_10;В самой смелой их экспедиции;;;;;;;;;;;;;
dino_fake_1870_title_11;Нападение на стоянку Марша!;;?berfall auf Marshs Lager!;;;;;;;;;;;x
dino_fake_1870_11;Сообщалось о том, что О.Ч. Марш со своей группой чудом избежал столкновения с группой индейцев, напавших на его лагерь. Тем не менее, поспешное отступление исследователей не помешало обезопасить около двух тонн раскопанных костей.;;Laut Meldungen entkamen O.C. Marsh und seine Gruppe nur knapp einem indianischen Raubzug gegen ihr Lager. Trotz ?bereilter Flucht konnten fast 2 Tonnen ausgegrabener Knochen gesichert werden.;;;;;;;;;;;x
dino_fake_1870_title_12;Множественные позвоночные;;Wirbeltiere im ?berfluss;;;;;;;;;;;x
dino_fake_1870_12;Профессор Коп сообщает из района реки Сан-Хуан;;;;;;;;;;;;;
dino_fake_1870_title_13;Комо Блафф;;Como Bluff;;;;;;;;;;;x
dino_fake_1870_13;О.Ч. Марш сообщает, что двое его агентов обнаружили при раскопках в долине Комо Блафф кости, которые по длине и толщине были словно бревна.;;;;;;;;;;;;;
dino_fake_1880_title_1;Бронтозавр?;;Brontosaurus?;;;;;;;;;;; x
dino_fake_1880_1;Раскопано и собрано палеонтологом О.Ч.Маршем;;;;;;;;;;;;;
dino_fake_1880_title_2;Лошадиная подделка?;;Pferde-Betrug?;;;;;;;;;;;x
dino_fake_1880_2;"Э. Д. Коп обвиняет О. Ч. Марша в плагиате исследований Ковалевского в области генеалогии и эволюции лошади. Что в этом нового";;;;;;;;;;;;;
dino_fake_1880_title_3;Остроумный ответ Марша;;Marsh kontert;;;;;;;;;;;x
dino_fake_1880_3;"так это то, что Ковалевский по крайней мере сожалел о своей ошибке и завершил свою неудачную карьеру тем, что вышиб себе мозги. Коп же до сих пор живет без тени сожаления.";;;;;;;;;;;;;
dino_fake_1880_title_4;Библия Копа;;Copes Bibel;;;;;;;;;;;x
dino_fake_1880_4;Профессор Э. Д. Коп публикует работы всей своей жизни: "Позвоночные запада в Третичный Период";;;;;;;;;;;;;
dino_fake_1880_title_5;"Маршиана" Копа";;Copes Marshiana;;;;;;;;;;;x
dino_fake_1880_5;Коп собирает обширное досье на Марша, в котором содержатся сведения о его научных ошибках и недопустимой практике. Эти данные он получает из бесед с его настоящими и бывшими сотрудниками.;;;;;;;;;;;;;
dino_fake_1880_title_6;Игуанодонт;;;;;;;;;;;;;
dino_fake_1880_6;Огромное количество таких динозавров было обнаружено при раскопках в деревушке Берниссар. Доктор Долло изучил их и пришел к мнению, что животное было двуногим.;;;;;;;;;;;;;
dino_fake_1880_title_7;Классификация Динозавров;;Die Klassifizierung von Dinosauria;;;;;;;;;;;x
dino_fake_1880_7;После некоторых предыдущих классификаций;;;;;;;;;;;;;
dino_fake_1880_title_8;Новое о Стегозавре;;Neues vom Stegosaurus;;;;;;;;;;;x
dino_fake_1880_8;После того, как было обнаружено больше материала о Стегозавре, проф. Марш полагает, что это животное на самом деле совершенно новый и необычный вид динозавров.;;Mit dem Fund weiteren Materials glaubt Prof. Marsh nun;;;;;;;;;;;
dino_fake_1880_title_9;Завроподы;;Sauropoden;;;;;;;;;;;x
dino_fake_1880_9;Этот новый вид динозавров значительно превосходит по размеру самое крупное когда-либо известное сухопутное животное. Атлантозавр;;;;;;;;;;;;;
dino_fake_1880_title_10;Цератопсы;;Ceratops;;;;;;;;;;;x
dino_fake_1880_10;Профессор Марш обнаружил новый вид рогатых динозавров. Это животное свидетельствует о том, что разнообразие этих свирепых существ еще более широкое, чем было принято считать раньше.;;Neue Art geh?rnter Dinosaurier von Prof. Marsh entdeckt. Das Tier beweist;;;;;;;;;;;
dino_fake_1880_title_11;Аллозавр;;Allosaurus;;;;;;;;;;;x
dino_fake_1880_11;Этот большой плотоядный динозавр словно явился нам из кошмарного сна. Череп с большими зубами вселяет ужас.;;;;;;;;;;;;;
dino_fake_1880_title_12;Цератозавр;;Ceratosaurus;;;;;;;;;;;x
dino_fake_1880_12;Обнаружение анкилозированных плюсневых костей Цератозавра теперь сближает птиц и динозавров.;;;;;;;;;;;;;
dino_fake_1880_title_13;Келофизис;;Coelophysis;;;;;;;;;;;x
dino_fake_1880_13;Проф. Коп заявляет о существовании нового вида динозавров - Келофизис.;;;;;;;;;;;;;
dino_fake_1880_title_14;Amphicoelias fragillimus;;Amphicoelias fragillimus;;;;;;;;;;;x
dino_fake_1880_14;Проф. Коп описал новый вид динозавров, названный Amphicoelias fragillimus. Размеры его позвонков и бедренной кости настолько велики, что не представляется возможным выяснить истинный размер этого существа.;;Prof. Cope beschrieb eine neue Dinosaurierspezies namens Amphicoelias fragillimus. Wirbel- und Oberschenkelknochen sind so riesig;;;;;;;;;;;
dino_fake_1880_title_15;Камаразавр;;Camarasaurus;;;;;;;;;;;x
dino_fake_1880_15;Огромный ископаемый ящер;;;;;;;;;;;;;
dino_fake_1890_title_1;Трицератопс;;Triceratops;;;;;;;;;;;x
dino_fake_1890_1;О. Ч. Марш заявляет, что рогатый череп, принадлежавший, как ранее полагалось, большому и необычному млекопитающему периода Плиоцена;;;;;;;;;;;;;
dino_fake_1890_title_2;Война Ученых;;Krieg der Forscher;;;;;;;;;;;x
dino_fake_1890_2;Разгневанный попыткой правительства изъять его коллекцию костей;;;;;;;;;;;;;
dino_fake_1890_title_3;Урезание финансирования Геологической службой США;;USGS-Finanzierung gek?rzt;;;;;;;;;;;x
dino_fake_1890_3;В свете недавних отчетов о финансовых нарушениях и фаворитизме в Геологической Службе США;;;;;;;;;;;;;
dino_fake_1890_title_4;Торозавр;;Torosaurus;;;;;;;;;;;x
dino_fake_1890_4;Этот рогатый динозавр обладал самой крупной головой из всех известных нам животных. Оборки этих особей были невероятно удлиненными.;;;;;;;;;;;;;
dino_fake_1900_title_1;Череп Копа;;Copes Sch?del;;;;;;;;;;;x
dino_fake_1900_1;Сообщается, что Коп завещал свой череп науке после собственной смерти.;;;;;;;;;;;;;
dino_fake_1900_title_2;Череп Марша;;Marshs Sch?del;;;;;;;;;;;x
dino_fake_1900_2;Марш отклонил последний вызов Коупа, отказавшись пожертвовать череп, сурово отомстив своему противнику, этим он обрек его череп на вечное хранение в ящике Пенсильванского Университета.;;;;;;;;;;;;;
dino_fake_1920_title_1;Велоцираптор;;Velociraptor;;;;;;;;;;;x
dino_fake_1920_1;"Полагается, что новый вид, обнаруженный Питером Кайзеном в Монголии, был достаточно разумным стадным охотником. Утверждалось, что сам исследователь называл обнаруженный образец умной девочкой".";;Diese von Peter Kaisen in der Mongolei entdeckte;;;;;;;;;;;
dino_fake_1930_title_1;Малавизавр;;Nyasasaurus;;;;;;;;;;;x
dino_fake_1930_1;"Окаменелости Малавизавра обнаруженны Френсисим Рексом" Паррингтоном неподалеку от озера Малави в Южной Танзании. Остаются в большей своей части неполными.";;;;;;;;;;;;;
KEYNAME;ТЕКСТ;;TEXT;;;;;;;;;x;;
